,system,site,lat,lon,datetime,samplecode,datecollect,variable,value,unit,sampledepth_m,groupname,timecollect
1,Lake Arrowhead,AH1,33.74623,-98.3876,8/12/2022 9:48,1500-98,8/12/2022,chl a,9.83,ugL-1,0.25,flame,9:48
2,Lake Arrowhead,AH1,33.74623,-98.3876,8/12/2022 9:48,1501-98,8/12/2022,chl a,26.1,ugL-1,0.25,flame,9:48
3,Lake Arrowhead,AH1,33.74623,-98.3876,8/12/2022 9:48,1502-98,8/12/2022,chl a,14.6,ugL-1,0.25,flame,9:48
4,Lake Arrowhead,AH2,33.68267,-98.4266,8/12/2022 10:17,1503-98,8/12/2022,chl a,13.7,ugL-1,0.25,flame,10:17
5,Lake Arrowhead,AH2,33.68267,-98.4266,8/12/2022 10:17,1504-98,8/12/2022,chl a,9.08,ugL-1,0.25,flame,10:17
6,Lake Arrowhead,AH2,33.68267,-98.4266,8/12/2022 10:17,1505-98,8/12/2022,chl a,6.58,ugL-1,0.25,flame,10:17
7,Lake Arrowhead,AH3,33.76283,-98.3658,8/12/2022 11:08,1506-98,8/12/2022,chl a,64.3,ugL-1,0.25,flame,11:08
8,Lake Arrowhead,AH3,33.76283,-98.3658,8/12/2022 11:08,1507-98,8/12/2022,chl a,58,ugL-1,0.25,flame,11:08
9,Lake Arrowhead,AH3,33.76283,-98.3658,8/12/2022 11:08,1508-98,8/12/2022,chl a,40.9,ugL-1,0.25,flame,11:08
10,Lake Arrowhead,AH4,33.70428,-98.3622,8/12/2022 11:41,1509-98,8/12/2022,chl a,18.4,ugL-1,0.25,flame,11:41
11,Lake Arrowhead,AH4,33.70428,-98.3622,8/12/2022 11:41,1510-98,8/12/2022,chl a,5.81,ugL-1,0.25,flame,11:41
12,Lake Arrowhead,AH4,33.70428,-98.3622,8/12/2022 11:41,1511-98,8/12/2022,chl a,4.65,ugL-1,0.25,flame,11:41
13,Lake Arrowhead,AH5,33.67108,-98.3864,8/12/2022 12:05,1512-98,8/12/2022,chl a,20.1,ugL-1,0.25,flame,12:05
14,Lake Arrowhead,AH5,33.67108,-98.3864,8/12/2022 12:05,1513-98,8/12/2022,chl a,25.3,ugL-1,0.25,flame,12:05
15,Lake Arrowhead,AH5,33.67108,-98.3864,8/12/2022 12:05,1514-98,8/12/2022,chl a,33.2,ugL-1,0.25,flame,12:05
16,Lake Arrowhead,AH1,33.74623,-98.3876,8/12/2022 9:48,1190-16,8/12/2022,afdm,6.5,mg/L,0.25,flame,9:48
17,Lake Arrowhead,AH1,33.74623,-98.3876,8/12/2022 9:48,1093-01,8/12/2022,nh4n,0.0307,mgL-1,0.25,flame,9:48
18,Lake Arrowhead,AH1,33.74623,-98.3876,8/12/2022 9:48,1094-01,8/12/2022,nh4n,0.0125,mgL-1,0.25,flame,9:48
19,Lake Arrowhead,AH1,33.74623,-98.3876,8/12/2022 9:48,1095-01,8/12/2022,nh4n,0.0109,mgL-1,0.25,flame,9:48
20,Lake Arrowhead,AH1,33.74623,-98.3876,8/12/2022 9:48,1093-01,8/12/2022,no3n,0.00928,mgL-1,0.25,flame,9:48
21,Lake Arrowhead,AH1,33.74623,-98.3876,8/12/2022 9:48,1094-01,8/12/2022,no3n,0.00587,mgL-1,0.25,flame,9:48
22,Lake Arrowhead,AH1,33.74623,-98.3876,8/12/2022 9:48,1095-01,8/12/2022,no3n,-0.000622,mgL-1,0.25,flame,9:48
23,Lake Arrowhead,AH1,33.74623,-98.3876,8/12/2022 9:48,1093-01,8/12/2022,srp,0.00536,mgL-1,0.25,flame,9:48
24,Lake Arrowhead,AH1,33.74623,-98.3876,8/12/2022 9:48,1094-01,8/12/2022,srp,0.0169,mgL-1,0.25,flame,9:48
25,Lake Arrowhead,AH1,33.74623,-98.3876,8/12/2022 9:48,1095-01,8/12/2022,srp,0.0192,mgL-1,0.25,flame,9:48
26,Lake Arrowhead,AH1,33.74623,-98.3876,8/12/2022 9:48,1006-01,8/12/2022,tdn,0.916,mgL-1,0.25,flame,9:48
27,Lake Arrowhead,AH1,33.74623,-98.3876,8/12/2022 9:48,1007-01,8/12/2022,tdn,0.959,mgL-1,0.25,flame,9:48
28,Lake Arrowhead,AH1,33.74623,-98.3876,8/12/2022 9:48,1008-01,8/12/2022,tdn,0.817,mgL-1,0.25,flame,9:48
29,Lake Arrowhead,AH1,33.74623,-98.3876,8/12/2022 9:48,1008-01,8/12/2022,tdn,0.817,mgL-1,0.25,flame,9:48
30,Lake Arrowhead,AH1,33.74623,-98.3876,8/12/2022 9:48,1006-01,8/12/2022,tdp,0.0546,mgL-1,0.25,flame,9:48
31,Lake Arrowhead,AH1,33.74623,-98.3876,8/12/2022 9:48,1007-01,8/12/2022,tdp,0.0571,mgL-1,0.25,flame,9:48
32,Lake Arrowhead,AH1,33.74623,-98.3876,8/12/2022 9:48,1008-01,8/12/2022,tdp,0.0482,mgL-1,0.25,flame,9:48
33,Lake Arrowhead,AH1,33.74623,-98.3876,8/12/2022 9:48,1008-01,8/12/2022,tdp,0.0473,mgL-1,0.25,flame,9:48
34,Lake Arrowhead,AH1,33.74623,-98.3876,8/12/2022 9:48,0707-04,8/12/2022,tn,1.2,mgL-1,0.25,flame,9:48
35,Lake Arrowhead,AH1,33.74623,-98.3876,8/12/2022 9:48,0711-04,8/12/2022,tn,1.18,mgL-1,0.25,flame,9:48
36,Lake Arrowhead,AH1,33.74623,-98.3876,8/12/2022 9:48,0720-04,8/12/2022,tn,1.19,mgL-1,0.25,flame,9:48
37,Lake Arrowhead,AH1,33.74623,-98.3876,8/12/2022 9:48,0707-04,8/12/2022,tp,0.0874,mgL-1,0.25,flame,9:48
38,Lake Arrowhead,AH1,33.74623,-98.3876,8/12/2022 9:48,0707-04,8/12/2022,tp,0.091,mgL-1,0.25,flame,9:48
39,Lake Arrowhead,AH1,33.74623,-98.3876,8/12/2022 9:48,0711-04,8/12/2022,tp,0.0935,mgL-1,0.25,flame,9:48
40,Lake Arrowhead,AH1,33.74623,-98.3876,8/12/2022 9:48,0720-04,8/12/2022,tp,0.0968,mgL-1,0.25,flame,9:48
41,Lake Arrowhead,AH1,33.74623,-98.3876,8/12/2022 9:48,1190-16,8/12/2022,tss,15.5,mg/L,0.25,flame,9:48
42,Lake Arrowhead,AH1,33.74623,-98.3876,8/12/2022 9:48,1190-16,8/12/2022,turbidity,15.6,NTU,0.25,flame,9:48
43,Lake Arrowhead,AH2,33.68267,-98.4266,8/12/2022 10:17,1191-16,8/12/2022,afdm,8.5,mg/L,0.25,flame,10:17
44,Lake Arrowhead,AH2,33.68267,-98.4266,8/12/2022 10:17,1096-01,8/12/2022,nh4n,0.0334,mgL-1,0.25,flame,10:17
45,Lake Arrowhead,AH2,33.68267,-98.4266,8/12/2022 10:17,1097-01,8/12/2022,nh4n,0.0108,mgL-1,0.25,flame,10:17
46,Lake Arrowhead,AH2,33.68267,-98.4266,8/12/2022 10:17,1098-01,8/12/2022,nh4n,0.0118,mgL-1,0.25,flame,10:17
47,Lake Arrowhead,AH2,33.68267,-98.4266,8/12/2022 10:17,1096-01,8/12/2022,no3n,0.00485,mgL-1,0.25,flame,10:17
48,Lake Arrowhead,AH2,33.68267,-98.4266,8/12/2022 10:17,1097-01,8/12/2022,no3n,-0.000871,mgL-1,0.25,flame,10:17
49,Lake Arrowhead,AH2,33.68267,-98.4266,8/12/2022 10:17,1098-01,8/12/2022,no3n,-0.00222,mgL-1,0.25,flame,10:17
50,Lake Arrowhead,AH2,33.68267,-98.4266,8/12/2022 10:17,1096-01,8/12/2022,srp,0.0855,mgL-1,0.25,flame,10:17
51,Lake Arrowhead,AH2,33.68267,-98.4266,8/12/2022 10:17,1097-01,8/12/2022,srp,0.0793,mgL-1,0.25,flame,10:17
52,Lake Arrowhead,AH2,33.68267,-98.4266,8/12/2022 10:17,1098-01,8/12/2022,srp,0.0833,mgL-1,0.25,flame,10:17
53,Lake Arrowhead,AH2,33.68267,-98.4266,8/12/2022 10:17,1009-01,8/12/2022,tdn,0.913,mgL-1,0.25,flame,10:17
54,Lake Arrowhead,AH2,33.68267,-98.4266,8/12/2022 10:17,1010-01,8/12/2022,tdn,0.853,mgL-1,0.25,flame,10:17
55,Lake Arrowhead,AH2,33.68267,-98.4266,8/12/2022 10:17,1011-01,8/12/2022,tdn,0.889,mgL-1,0.25,flame,10:17
56,Lake Arrowhead,AH2,33.68267,-98.4266,8/12/2022 10:17,1009-01,8/12/2022,tdp,0.132,mgL-1,0.25,flame,10:17
57,Lake Arrowhead,AH2,33.68267,-98.4266,8/12/2022 10:17,1010-01,8/12/2022,tdp,0.129,mgL-1,0.25,flame,10:17
58,Lake Arrowhead,AH2,33.68267,-98.4266,8/12/2022 10:17,1011-01,8/12/2022,tdp,0.133,mgL-1,0.25,flame,10:17
59,Lake Arrowhead,AH2,33.68267,-98.4266,8/12/2022 10:17,0710-04,8/12/2022,tn,0.949,mgL-1,0.25,flame,10:17
60,Lake Arrowhead,AH2,33.68267,-98.4266,8/12/2022 10:17,0764-02,8/12/2022,tn,0.951,mgL-1,0.25,flame,10:17
61,Lake Arrowhead,AH2,33.68267,-98.4266,8/12/2022 10:17,0765-02,8/12/2022,tn,0.933,mgL-1,0.25,flame,10:17
62,Lake Arrowhead,AH2,33.68267,-98.4266,8/12/2022 10:17,0710-04,8/12/2022,tp,0.168,mgL-1,0.25,flame,10:17
63,Lake Arrowhead,AH2,33.68267,-98.4266,8/12/2022 10:17,0764-02,8/12/2022,tp,0.18,mgL-1,0.25,flame,10:17
64,Lake Arrowhead,AH2,33.68267,-98.4266,8/12/2022 10:17,0765-02,8/12/2022,tp,0.173,mgL-1,0.25,flame,10:17
65,Lake Arrowhead,AH2,33.68267,-98.4266,8/12/2022 10:17,1191-16,8/12/2022,tss,34.5,mg/L,0.25,flame,10:17
66,Lake Arrowhead,AH2,33.68267,-98.4266,8/12/2022 10:17,1191-16,8/12/2022,turbidity,67.3,NTU,0.25,flame,10:17
67,Lake Arrowhead,AH3,33.76283,-98.3658,8/12/2022 11:08,1188-16,8/12/2022,afdm,4,mg/L,0.25,flame,11:08
68,Lake Arrowhead,AH3,33.76283,-98.3658,8/12/2022 11:08,1099-01,8/12/2022,nh4n,0.0127,mgL-1,0.25,flame,11:08
69,Lake Arrowhead,AH3,33.76283,-98.3658,8/12/2022 11:08,1100-01,8/12/2022,nh4n,0.0414,mgL-1,0.25,flame,11:08
70,Lake Arrowhead,AH3,33.76283,-98.3658,8/12/2022 11:08,1101-01,8/12/2022,nh4n,0.016,mgL-1,0.25,flame,11:08
71,Lake Arrowhead,AH3,33.76283,-98.3658,8/12/2022 11:08,1099-01,8/12/2022,no3n,-0.00235,mgL-1,0.25,flame,11:08
72,Lake Arrowhead,AH3,33.76283,-98.3658,8/12/2022 11:08,1100-01,8/12/2022,no3n,0.00331,mgL-1,0.25,flame,11:08
73,Lake Arrowhead,AH3,33.76283,-98.3658,8/12/2022 11:08,1101-01,8/12/2022,no3n,-0.0187,mgL-1,0.25,flame,11:08
74,Lake Arrowhead,AH3,33.76283,-98.3658,8/12/2022 11:08,1099-01,8/12/2022,srp,0.0416,mgL-1,0.25,flame,11:08
75,Lake Arrowhead,AH3,33.76283,-98.3658,8/12/2022 11:08,1100-01,8/12/2022,srp,0.00567,mgL-1,0.25,flame,11:08
76,Lake Arrowhead,AH3,33.76283,-98.3658,8/12/2022 11:08,1101-01,8/12/2022,srp,0.0483,mgL-1,0.25,flame,11:08
77,Lake Arrowhead,AH3,33.76283,-98.3658,8/12/2022 11:08,1012-01,8/12/2022,tdn,0.825,mgL-1,0.25,flame,11:08
78,Lake Arrowhead,AH3,33.76283,-98.3658,8/12/2022 11:08,1013-01,8/12/2022,tdn,0.915,mgL-1,0.25,flame,11:08
79,Lake Arrowhead,AH3,33.76283,-98.3658,8/12/2022 11:08,1014-01,8/12/2022,tdn,0.857,mgL-1,0.25,flame,11:08
80,Lake Arrowhead,AH3,33.76283,-98.3658,8/12/2022 11:08,1012-01,8/12/2022,tdp,0.0672,mgL-1,0.25,flame,11:08
81,Lake Arrowhead,AH3,33.76283,-98.3658,8/12/2022 11:08,1012-01,8/12/2022,tdp,0.0644,mgL-1,0.25,flame,11:08
82,Lake Arrowhead,AH3,33.76283,-98.3658,8/12/2022 11:08,1013-01,8/12/2022,tdp,0.0797,mgL-1,0.25,flame,11:08
83,Lake Arrowhead,AH3,33.76283,-98.3658,8/12/2022 11:08,1014-01,8/12/2022,tdp,0.0606,mgL-1,0.25,flame,11:08
84,Lake Arrowhead,AH3,33.76283,-98.3658,8/12/2022 11:08,0718-04,8/12/2022,tn,1.12,mgL-1,0.25,flame,11:08
85,Lake Arrowhead,AH3,33.76283,-98.3658,8/12/2022 11:08,0726-04,8/12/2022,tn,1.1,mgL-1,0.25,flame,11:08
86,Lake Arrowhead,AH3,33.76283,-98.3658,8/12/2022 11:08,0718-04,8/12/2022,tp,0.107,mgL-1,0.25,flame,11:08
87,Lake Arrowhead,AH3,33.76283,-98.3658,8/12/2022 11:08,0726-04,8/12/2022,tp,0.112,mgL-1,0.25,flame,11:08
88,Lake Arrowhead,AH3,33.76283,-98.3658,8/12/2022 11:08,0726-04,8/12/2022,tp,0.115,mgL-1,0.25,flame,11:08
89,Lake Arrowhead,AH3,33.76283,-98.3658,8/12/2022 11:08,1188-16,8/12/2022,tss,9,mg/L,0.25,flame,11:08
90,Lake Arrowhead,AH3,33.76283,-98.3658,8/12/2022 11:08,1188-16,8/12/2022,turbidity,11.8,NTU,0.25,flame,11:08
91,Lake Arrowhead,AH4,33.70428,-98.3622,8/12/2022 11:41,1194-16,8/12/2022,afdm,3.5,mg/L,0.25,flame,11:41
92,Lake Arrowhead,AH4,33.70428,-98.3622,8/12/2022 11:41,1105-01,8/12/2022,nh4n,0.0152,mgL-1,0.25,flame,11:41
93,Lake Arrowhead,AH4,33.70428,-98.3622,8/12/2022 11:41,1105-01,8/12/2022,nh4n,0.0133,mgL-1,0.25,flame,11:41
94,Lake Arrowhead,AH4,33.70428,-98.3622,8/12/2022 11:41,1106-01,8/12/2022,nh4n,0.0282,mgL-1,0.25,flame,11:41
95,Lake Arrowhead,AH4,33.70428,-98.3622,8/12/2022 11:41,1107-01,8/12/2022,nh4n,0.0166,mgL-1,0.25,flame,11:41
96,Lake Arrowhead,AH4,33.70428,-98.3622,8/12/2022 11:41,1105-01,8/12/2022,no3n,0.0000217,mgL-1,0.25,flame,11:41
97,Lake Arrowhead,AH4,33.70428,-98.3622,8/12/2022 11:41,1105-01,8/12/2022,no3n,-0.000611,mgL-1,0.25,flame,11:41
98,Lake Arrowhead,AH4,33.70428,-98.3622,8/12/2022 11:41,1106-01,8/12/2022,no3n,-0.000923,mgL-1,0.25,flame,11:41
99,Lake Arrowhead,AH4,33.70428,-98.3622,8/12/2022 11:41,1107-01,8/12/2022,no3n,0.00197,mgL-1,0.25,flame,11:41
100,Lake Arrowhead,AH4,33.70428,-98.3622,8/12/2022 11:41,1105-01,8/12/2022,srp,0.0766,mgL-1,0.25,flame,11:41
101,Lake Arrowhead,AH4,33.70428,-98.3622,8/12/2022 11:41,1105-01,8/12/2022,srp,0.0761,mgL-1,0.25,flame,11:41
102,Lake Arrowhead,AH4,33.70428,-98.3622,8/12/2022 11:41,1106-01,8/12/2022,srp,0.068,mgL-1,0.25,flame,11:41
103,Lake Arrowhead,AH4,33.70428,-98.3622,8/12/2022 11:41,1107-01,8/12/2022,srp,0.065,mgL-1,0.25,flame,11:41
104,Lake Arrowhead,AH4,33.70428,-98.3622,8/12/2022 11:41,1018-01,8/12/2022,tdn,0.838,mgL-1,0.25,flame,11:41
105,Lake Arrowhead,AH4,33.70428,-98.3622,8/12/2022 11:41,1019-01,8/12/2022,tdn,0.819,mgL-1,0.25,flame,11:41
106,Lake Arrowhead,AH4,33.70428,-98.3622,8/12/2022 11:41,1020-01,8/12/2022,tdn,0.864,mgL-1,0.25,flame,11:41
107,Lake Arrowhead,AH4,33.70428,-98.3622,8/12/2022 11:41,1018-01,8/12/2022,tdp,0.103,mgL-1,0.25,flame,11:41
108,Lake Arrowhead,AH4,33.70428,-98.3622,8/12/2022 11:41,1019-01,8/12/2022,tdp,0.0939,mgL-1,0.25,flame,11:41
109,Lake Arrowhead,AH4,33.70428,-98.3622,8/12/2022 11:41,1020-01,8/12/2022,tdp,0.0965,mgL-1,0.25,flame,11:41
110,Lake Arrowhead,AH4,33.70428,-98.3622,8/12/2022 11:41,0712-04,8/12/2022,tn,0.998,mgL-1,0.25,flame,11:41
111,Lake Arrowhead,AH4,33.70428,-98.3622,8/12/2022 11:41,0724-04,8/12/2022,tn,1.02,mgL-1,0.25,flame,11:41
112,Lake Arrowhead,AH4,33.70428,-98.3622,8/12/2022 11:41,0712-04,8/12/2022,tp,0.138,mgL-1,0.25,flame,11:41
113,Lake Arrowhead,AH4,33.70428,-98.3622,8/12/2022 11:41,0724-04,8/12/2022,tp,0.143,mgL-1,0.25,flame,11:41
114,Lake Arrowhead,AH4,33.70428,-98.3622,8/12/2022 11:41,1194-16,8/12/2022,tss,18.5,mg/L,0.25,flame,11:41
115,Lake Arrowhead,AH4,33.70428,-98.3622,8/12/2022 11:41,1194-16,8/12/2022,turbidity,27.2,NTU,0.25,flame,11:41
116,Lake Arrowhead,AH5,33.67108,-98.3864,8/12/2022 12:05,1193-16,8/12/2022,afdm,5.5,mg/L,0.25,flame,12:05
117,Lake Arrowhead,AH5,33.67108,-98.3864,8/12/2022 12:05,1084-01,8/12/2022,nh4n,0.00945,mgL-1,0.25,flame,12:05
118,Lake Arrowhead,AH5,33.67108,-98.3864,8/12/2022 12:05,1085-01,8/12/2022,nh4n,0.00853,mgL-1,0.25,flame,12:05
119,Lake Arrowhead,AH5,33.67108,-98.3864,8/12/2022 12:05,1086-01,8/12/2022,nh4n,0.0078,mgL-1,0.25,flame,12:05
120,Lake Arrowhead,AH5,33.67108,-98.3864,8/12/2022 12:05,1084-01,8/12/2022,no3n,0.00555,mgL-1,0.25,flame,12:05
121,Lake Arrowhead,AH5,33.67108,-98.3864,8/12/2022 12:05,1085-01,8/12/2022,no3n,0.00527,mgL-1,0.25,flame,12:05
122,Lake Arrowhead,AH5,33.67108,-98.3864,8/12/2022 12:05,1086-01,8/12/2022,no3n,0.00204,mgL-1,0.25,flame,12:05
123,Lake Arrowhead,AH5,33.67108,-98.3864,8/12/2022 12:05,1084-01,8/12/2022,srp,0.0847,mgL-1,0.25,flame,12:05
124,Lake Arrowhead,AH5,33.67108,-98.3864,8/12/2022 12:05,1085-01,8/12/2022,srp,0.0931,mgL-1,0.25,flame,12:05
125,Lake Arrowhead,AH5,33.67108,-98.3864,8/12/2022 12:05,1086-01,8/12/2022,srp,0.0947,mgL-1,0.25,flame,12:05
126,Lake Arrowhead,AH5,33.67108,-98.3864,8/12/2022 12:05,0994-01,8/12/2022,tdn,0.84,mgL-1,0.25,flame,12:05
127,Lake Arrowhead,AH5,33.67108,-98.3864,8/12/2022 12:05,0994-01,8/12/2022,tdn,0.839,mgL-1,0.25,flame,12:05
128,Lake Arrowhead,AH5,33.67108,-98.3864,8/12/2022 12:05,0995-01,8/12/2022,tdn,0.884,mgL-1,0.25,flame,12:05
129,Lake Arrowhead,AH5,33.67108,-98.3864,8/12/2022 12:05,0996-01,8/12/2022,tdn,1.65,mgL-1,0.25,flame,12:05
130,Lake Arrowhead,AH5,33.67108,-98.3864,8/12/2022 12:05,0994-01,8/12/2022,tdp,0.122,mgL-1,0.25,flame,12:05
131,Lake Arrowhead,AH5,33.67108,-98.3864,8/12/2022 12:05,0995-01,8/12/2022,tdp,0.118,mgL-1,0.25,flame,12:05
132,Lake Arrowhead,AH5,33.67108,-98.3864,8/12/2022 12:05,0996-01,8/12/2022,tdp,0.124,mgL-1,0.25,flame,12:05
133,Lake Arrowhead,AH5,33.67108,-98.3864,8/12/2022 12:05,0732-04,8/12/2022,tn,1.05,mgL-1,0.25,flame,12:05
134,Lake Arrowhead,AH5,33.67108,-98.3864,8/12/2022 12:05,0733-04,8/12/2022,tn,1.08,mgL-1,0.25,flame,12:05
135,Lake Arrowhead,AH5,33.67108,-98.3864,8/12/2022 12:05,0767-02,8/12/2022,tn,1.08,mgL-1,0.25,flame,12:05
136,Lake Arrowhead,AH5,33.67108,-98.3864,8/12/2022 12:05,0732-04,8/12/2022,tp,0.169,mgL-1,0.25,flame,12:05
137,Lake Arrowhead,AH5,33.67108,-98.3864,8/12/2022 12:05,0733-04,8/12/2022,tp,0.171,mgL-1,0.25,flame,12:05
138,Lake Arrowhead,AH5,33.67108,-98.3864,8/12/2022 12:05,0767-02,8/12/2022,tp,0.173,mgL-1,0.25,flame,12:05
139,Lake Arrowhead,AH5,33.67108,-98.3864,8/12/2022 12:05,1193-16,8/12/2022,tss,25,mg/L,0.25,flame,12:05
140,Lake Arrowhead,AH5,33.67108,-98.3864,8/12/2022 12:05,1193-16,8/12/2022,turbidity,33.8,NTU,0.25,flame,12:05
141,Lake Red Bluff,RB1,31.901717,-103.913717,8/8/2022 10:38,1482-98,8/8/2022,chl a,19.2,ugL-1,0.25,flame,10:38
142,Lake Red Bluff,RB1,31.901717,-103.913717,8/8/2022 10:38,1483-98,8/8/2022,chl a,10.2,ugL-1,0.25,flame,10:38
143,Lake Red Bluff,RB1,31.901717,-103.913717,8/8/2022 10:38,1484-98,8/8/2022,chl a,10.8,ugL-1,0.25,flame,10:38
144,Lake Red Bluff,RB2,32.00235,-103.979733,8/8/2022 11:35,1485-98,8/8/2022,chl a,49.7,ugL-1,0.25,flame,11:35
145,Lake Red Bluff,RB2,32.00235,-103.979733,8/8/2022 11:35,1486-98,8/8/2022,chl a,39.1,ugL-1,0.25,flame,11:35
146,Lake Red Bluff,RB2,32.00235,-103.979733,8/8/2022 11:35,1487-98,8/8/2022,chl a,74.3,ugL-1,0.25,flame,11:35
147,Lake Red Bluff,RB3,31.986317,-103.981383,8/8/2022 11:52,1488-98,8/8/2022,chl a,54.5,ugL-1,0.25,flame,11:52
148,Lake Red Bluff,RB3,31.986317,-103.981383,8/8/2022 11:52,1489-98,8/8/2022,chl a,71.8,ugL-1,0.25,flame,11:52
149,Lake Red Bluff,RB3,31.986317,-103.981383,8/8/2022 11:52,1490-98,8/8/2022,chl a,50.2,ugL-1,0.25,flame,11:52
150,Lake Red Bluff,RB4,31.969367,-103.947133,8/8/2022 12:12,1491-98,8/8/2022,chl a,23.2,ugL-1,0.25,flame,12:12
151,Lake Red Bluff,RB4,31.969367,-103.947133,8/8/2022 12:12,1492-98,8/8/2022,chl a,13,ugL-1,0.25,flame,12:12
152,Lake Red Bluff,RB4,31.969367,-103.947133,8/8/2022 12:12,1493-98,8/8/2022,chl a,16.8,ugL-1,0.25,flame,12:12
153,Lake Red Bluff,RB5,31.9463,-103.942183,8/8/2022 12:25,1494-98,8/8/2022,chl a,19.1,ugL-1,0.25,flame,12:25
154,Lake Red Bluff,RB5,31.9463,-103.942183,8/8/2022 12:25,1495-98,8/8/2022,chl a,23.9,ugL-1,0.25,flame,12:25
155,Lake Red Bluff,RB5,31.9463,-103.942183,8/8/2022 12:25,1496-98,8/8/2022,chl a,19.3,ugL-1,0.25,flame,12:25
156,Lake Red Bluff,RB6,31.928883,-103.91895,8/8/2022 12:38,1497-98,8/8/2022,chl a,13.3,ugL-1,0.25,flame,12:38
157,Lake Red Bluff,RB6,31.928883,-103.91895,8/8/2022 12:38,1498-98,8/8/2022,chl a,8.32,ugL-1,0.25,flame,12:38
158,Lake Red Bluff,RB6,31.928883,-103.91895,8/8/2022 12:38,1499-98,8/8/2022,chl a,17.5,ugL-1,0.25,flame,12:38
159,Red Bluff Reservoir,RB1,31.901717,-103.913717,8/8/2022 10:38,1189-16,8/8/2022,afdm,7.5,mg/L,0.25,flame,10:38
160,Red Bluff Reservoir,RB1,31.901717,-103.913717,8/8/2022 10:38,1109-01,8/8/2022,nh4n,0.0973,mgL-1,0.25,flame,10:38
161,Red Bluff Reservoir,RB1,31.901717,-103.913717,8/8/2022 10:38,1109-01,8/8/2022,nh4n,0.0993,mgL-1,0.25,flame,10:38
162,Red Bluff Reservoir,RB1,31.901717,-103.913717,8/8/2022 10:38,1110-01,8/8/2022,nh4n,0.103,mgL-1,0.25,flame,10:38
163,Red Bluff Reservoir,RB1,31.901717,-103.913717,8/8/2022 10:38,1110-01,8/8/2022,nh4n,0.103,mgL-1,0.25,flame,10:38
164,Red Bluff Reservoir,RB1,31.901717,-103.913717,8/8/2022 10:38,1109-01,8/8/2022,no3n,0.00165,mgL-1,0.25,flame,10:38
165,Red Bluff Reservoir,RB1,31.901717,-103.913717,8/8/2022 10:38,1109-01,8/8/2022,no3n,0.00191,mgL-1,0.25,flame,10:38
166,Red Bluff Reservoir,RB1,31.901717,-103.913717,8/8/2022 10:38,1110-01,8/8/2022,no3n,0.00651,mgL-1,0.25,flame,10:38
167,Red Bluff Reservoir,RB1,31.901717,-103.913717,8/8/2022 10:38,1110-01,8/8/2022,no3n,0.00645,mgL-1,0.25,flame,10:38
168,Red Bluff Reservoir,RB1,31.901717,-103.913717,8/8/2022 10:38,1109-01,8/8/2022,srp,0.0124,mgL-1,0.25,flame,10:38
169,Red Bluff Reservoir,RB1,31.901717,-103.913717,8/8/2022 10:38,1109-01,8/8/2022,srp,0.013,mgL-1,0.25,flame,10:38
170,Red Bluff Reservoir,RB1,31.901717,-103.913717,8/8/2022 10:38,1110-01,8/8/2022,srp,0.0143,mgL-1,0.25,flame,10:38
171,Red Bluff Reservoir,RB1,31.901717,-103.913717,8/8/2022 10:38,1110-01,8/8/2022,srp,0.0154,mgL-1,0.25,flame,10:38
172,Red Bluff Reservoir,RB1,31.901717,-103.913717,8/8/2022 10:38,1021-01,8/8/2022,tdn,0.873,mgL-1,0.25,flame,10:38
173,Red Bluff Reservoir,RB1,31.901717,-103.913717,8/8/2022 10:38,1111-01,8/8/2022,tdn,1.17,mgL-1,0.25,flame,10:38
174,Red Bluff Reservoir,RB1,31.901717,-103.913717,8/8/2022 10:38,1111-01,8/8/2022,tdn,1.17,mgL-1,0.25,flame,10:38
175,Red Bluff Reservoir,RB1,31.901717,-103.913717,8/8/2022 10:38,1112-01,8/8/2022,tdn,1.17,mgL-1,0.25,flame,10:38
176,Red Bluff Reservoir,RB1,31.901717,-103.913717,8/8/2022 10:38,1021-01,8/8/2022,tdp,0.0213,mgL-1,0.25,flame,10:38
177,Red Bluff Reservoir,RB1,31.901717,-103.913717,8/8/2022 10:38,1111-01,8/8/2022,tdp,0.0275,mgL-1,0.25,flame,10:38
178,Red Bluff Reservoir,RB1,31.901717,-103.913717,8/8/2022 10:38,1112-01,8/8/2022,tdp,0.0358,mgL-1,0.25,flame,10:38
179,Red Bluff Reservoir,RB1,31.901717,-103.913717,8/8/2022 10:38,1112-01,8/8/2022,tdp,0.029,mgL-1,0.25,flame,10:38
180,Red Bluff Reservoir,RB1,31.901717,-103.913717,8/8/2022 10:38,0708-04,8/8/2022,tn,1.08,mgL-1,0.25,flame,10:38
181,Red Bluff Reservoir,RB1,31.901717,-103.913717,8/8/2022 10:38,0716-04,8/8/2022,tn,1.1,mgL-1,0.25,flame,10:38
182,Red Bluff Reservoir,RB1,31.901717,-103.913717,8/8/2022 10:38,0719-04,8/8/2022,tn,1.35,mgL-1,0.25,flame,10:38
183,Red Bluff Reservoir,RB1,31.901717,-103.913717,8/8/2022 10:38,0708-04,8/8/2022,tp,0.0221,mgL-1,0.25,flame,10:38
184,Red Bluff Reservoir,RB1,31.901717,-103.913717,8/8/2022 10:38,0716-04,8/8/2022,tp,0.0321,mgL-1,0.25,flame,10:38
185,Red Bluff Reservoir,RB1,31.901717,-103.913717,8/8/2022 10:38,0716-04,8/8/2022,tp,0.0407,mgL-1,0.25,flame,10:38
186,Red Bluff Reservoir,RB1,31.901717,-103.913717,8/8/2022 10:38,0719-04,8/8/2022,tp,0.0358,mgL-1,0.25,flame,10:38
187,Red Bluff Reservoir,RB1,31.901717,-103.913717,8/8/2022 10:38,1189-16,8/8/2022,tss,13.5,mg/L,0.25,flame,10:38
188,Red Bluff Reservoir,RB1,31.901717,-103.913717,8/8/2022 10:38,1189-16,8/8/2022,turbidity,3.57,NTU,0.25,flame,10:38
189,Red Bluff Reservoir,RB2,32.00235,-103.979733,8/8/2022 11:35,1186-16,8/8/2022,afdm,8.75,mg/L,0.25,flame,11:35
190,Red Bluff Reservoir,RB2,32.00235,-103.979733,8/8/2022 11:35,1069-01,8/8/2022,nh4n,0.00658,mgL-1,0.25,flame,11:35
191,Red Bluff Reservoir,RB2,32.00235,-103.979733,8/8/2022 11:35,1070-01,8/8/2022,nh4n,0.0194,mgL-1,0.25,flame,11:35
192,Red Bluff Reservoir,RB2,32.00235,-103.979733,8/8/2022 11:35,1071-01,8/8/2022,nh4n,0.0294,mgL-1,0.25,flame,11:35
193,Red Bluff Reservoir,RB2,32.00235,-103.979733,8/8/2022 11:35,1069-01,8/8/2022,no3n,-0.00148,mgL-1,0.25,flame,11:35
194,Red Bluff Reservoir,RB2,32.00235,-103.979733,8/8/2022 11:35,1070-01,8/8/2022,no3n,0.00259,mgL-1,0.25,flame,11:35
195,Red Bluff Reservoir,RB2,32.00235,-103.979733,8/8/2022 11:35,1071-01,8/8/2022,no3n,0.0073,mgL-1,0.25,flame,11:35
196,Red Bluff Reservoir,RB2,32.00235,-103.979733,8/8/2022 11:35,1069-01,8/8/2022,srp,0.0113,mgL-1,0.25,flame,11:35
197,Red Bluff Reservoir,RB2,32.00235,-103.979733,8/8/2022 11:35,1070-01,8/8/2022,srp,0.0109,mgL-1,0.25,flame,11:35
198,Red Bluff Reservoir,RB2,32.00235,-103.979733,8/8/2022 11:35,1071-01,8/8/2022,srp,0.0121,mgL-1,0.25,flame,11:35
199,Red Bluff Reservoir,RB2,32.00235,-103.979733,8/8/2022 11:35,0978-14,8/8/2022,tdn,0.964,mgL-1,0.25,flame,11:35
200,Red Bluff Reservoir,RB2,32.00235,-103.979733,8/8/2022 11:35,0980-14,8/8/2022,tdn,0.989,mgL-1,0.25,flame,11:35
201,Red Bluff Reservoir,RB2,32.00235,-103.979733,8/8/2022 11:35,0984-14,8/8/2022,tdn,0.912,mgL-1,0.25,flame,11:35
202,Red Bluff Reservoir,RB2,32.00235,-103.979733,8/8/2022 11:35,0978-14,8/8/2022,tdp,0.0367,mgL-1,0.25,flame,11:35
203,Red Bluff Reservoir,RB2,32.00235,-103.979733,8/8/2022 11:35,0980-14,8/8/2022,tdp,0.0271,mgL-1,0.25,flame,11:35
204,Red Bluff Reservoir,RB2,32.00235,-103.979733,8/8/2022 11:35,0984-14,8/8/2022,tdp,0.00738,mgL-1,0.25,flame,11:35
205,Red Bluff Reservoir,RB2,32.00235,-103.979733,8/8/2022 11:35,0706-04,8/8/2022,tn,1.48,mgL-1,0.25,flame,11:35
206,Red Bluff Reservoir,RB2,32.00235,-103.979733,8/8/2022 11:35,0728-04,8/8/2022,tn,1.63,mgL-1,0.25,flame,11:35
207,Red Bluff Reservoir,RB2,32.00235,-103.979733,8/8/2022 11:35,1022-02,8/8/2022,tn,1.59,mgL-1,0.25,flame,11:35
208,Red Bluff Reservoir,RB2,32.00235,-103.979733,8/8/2022 11:35,0706-04,8/8/2022,tp,0.0669,mgL-1,0.25,flame,11:35
209,Red Bluff Reservoir,RB2,32.00235,-103.979733,8/8/2022 11:35,0728-04,8/8/2022,tp,0.0659,mgL-1,0.25,flame,11:35
210,Red Bluff Reservoir,RB2,32.00235,-103.979733,8/8/2022 11:35,1022-02,8/8/2022,tp,0.077,mgL-1,0.25,flame,11:35
211,Red Bluff Reservoir,RB2,32.00235,-103.979733,8/8/2022 11:35,1186-16,8/8/2022,tss,14.8,mg/L,0.25,flame,11:35
212,Red Bluff Reservoir,RB2,32.00235,-103.979733,8/8/2022 11:35,1186-16,8/8/2022,turbidity,16.6,NTU,0.25,flame,11:35
213,Red Bluff Reservoir,RB3,31.986317,-103.981383,8/8/2022 11:52,1196-16,8/8/2022,afdm,11.2,mg/L,0.25,flame,11:52
214,Red Bluff Reservoir,RB3,31.986317,-103.981383,8/8/2022 11:52,1090-01,8/8/2022,nh4n,0.00575,mgL-1,0.25,flame,11:52
215,Red Bluff Reservoir,RB3,31.986317,-103.981383,8/8/2022 11:52,1091-01,8/8/2022,nh4n,0.0165,mgL-1,0.25,flame,11:52
216,Red Bluff Reservoir,RB3,31.986317,-103.981383,8/8/2022 11:52,1092-01,8/8/2022,nh4n,0.0134,mgL-1,0.25,flame,11:52
217,Red Bluff Reservoir,RB3,31.986317,-103.981383,8/8/2022 11:52,1090-01,8/8/2022,no3n,-0.0000363,mgL-1,0.25,flame,11:52
218,Red Bluff Reservoir,RB3,31.986317,-103.981383,8/8/2022 11:52,1091-01,8/8/2022,no3n,0.00178,mgL-1,0.25,flame,11:52
219,Red Bluff Reservoir,RB3,31.986317,-103.981383,8/8/2022 11:52,1092-01,8/8/2022,no3n,0.000294,mgL-1,0.25,flame,11:52
220,Red Bluff Reservoir,RB3,31.986317,-103.981383,8/8/2022 11:52,1090-01,8/8/2022,srp,0.0105,mgL-1,0.25,flame,11:52
221,Red Bluff Reservoir,RB3,31.986317,-103.981383,8/8/2022 11:52,1091-01,8/8/2022,srp,0.0105,mgL-1,0.25,flame,11:52
222,Red Bluff Reservoir,RB3,31.986317,-103.981383,8/8/2022 11:52,1092-01,8/8/2022,srp,0.0138,mgL-1,0.25,flame,11:52
223,Red Bluff Reservoir,RB3,31.986317,-103.981383,8/8/2022 11:52,1000-01,8/8/2022,tdn,0.961,mgL-1,0.25,flame,11:52
224,Red Bluff Reservoir,RB3,31.986317,-103.981383,8/8/2022 11:52,1000-01,8/8/2022,tdn,0.963,mgL-1,0.25,flame,11:52
225,Red Bluff Reservoir,RB3,31.986317,-103.981383,8/8/2022 11:52,1001-01,8/8/2022,tdn,0.909,mgL-1,0.25,flame,11:52
226,Red Bluff Reservoir,RB3,31.986317,-103.981383,8/8/2022 11:52,1002-01,8/8/2022,tdn,1.04,mgL-1,0.25,flame,11:52
227,Red Bluff Reservoir,RB3,31.986317,-103.981383,8/8/2022 11:52,1000-01,8/8/2022,tdp,0.0322,mgL-1,0.25,flame,11:52
228,Red Bluff Reservoir,RB3,31.986317,-103.981383,8/8/2022 11:52,1001-01,8/8/2022,tdp,0.0408,mgL-1,0.25,flame,11:52
229,Red Bluff Reservoir,RB3,31.986317,-103.981383,8/8/2022 11:52,1002-01,8/8/2022,tdp,0.114,mgL-1,0.25,flame,11:52
230,Red Bluff Reservoir,RB3,31.986317,-103.981383,8/8/2022 11:52,0727-04,8/8/2022,tn,1.47,mgL-1,0.25,flame,11:52
231,Red Bluff Reservoir,RB3,31.986317,-103.981383,8/8/2022 11:52,0727-04,8/8/2022,tn,1.47,mgL-1,0.25,flame,11:52
232,Red Bluff Reservoir,RB3,31.986317,-103.981383,8/8/2022 11:52,0734-04,8/8/2022,tn,1.67,mgL-1,0.25,flame,11:52
233,Red Bluff Reservoir,RB3,31.986317,-103.981383,8/8/2022 11:52,0768-02,8/8/2022,tn,1.3,mgL-1,0.25,flame,11:52
234,Red Bluff Reservoir,RB3,31.986317,-103.981383,8/8/2022 11:52,0727-04,8/8/2022,tp,0.0572,mgL-1,0.25,flame,11:52
235,Red Bluff Reservoir,RB3,31.986317,-103.981383,8/8/2022 11:52,0734-04,8/8/2022,tp,0.0606,mgL-1,0.25,flame,11:52
236,Red Bluff Reservoir,RB3,31.986317,-103.981383,8/8/2022 11:52,0768-02,8/8/2022,tp,0.063,mgL-1,0.25,flame,11:52
237,Red Bluff Reservoir,RB3,31.986317,-103.981383,8/8/2022 11:52,1196-16,8/8/2022,tss,21.2,mg/L,0.25,flame,11:52
238,Red Bluff Reservoir,RB3,31.986317,-103.981383,8/8/2022 11:52,1196-16,8/8/2022,turbidity,11.4,NTU,0.25,flame,11:52
239,Red Bluff Reservoir,RB4,31.969367,-103.947133,8/8/2022 12:12,1187-16,8/8/2022,afdm,7.25,mg/L,0.25,flame,12:12
240,Red Bluff Reservoir,RB4,31.969367,-103.947133,8/8/2022 12:12,1102-01,8/8/2022,nh4n,0.0177,mgL-1,0.25,flame,12:12
241,Red Bluff Reservoir,RB4,31.969367,-103.947133,8/8/2022 12:12,1103-01,8/8/2022,nh4n,0.0173,mgL-1,0.25,flame,12:12
242,Red Bluff Reservoir,RB4,31.969367,-103.947133,8/8/2022 12:12,1104-01,8/8/2022,nh4n,0.0197,mgL-1,0.25,flame,12:12
243,Red Bluff Reservoir,RB4,31.969367,-103.947133,8/8/2022 12:12,1102-01,8/8/2022,no3n,-0.00297,mgL-1,0.25,flame,12:12
244,Red Bluff Reservoir,RB4,31.969367,-103.947133,8/8/2022 12:12,1103-01,8/8/2022,no3n,-0.000525,mgL-1,0.25,flame,12:12
245,Red Bluff Reservoir,RB4,31.969367,-103.947133,8/8/2022 12:12,1104-01,8/8/2022,no3n,-0.0016,mgL-1,0.25,flame,12:12
246,Red Bluff Reservoir,RB4,31.969367,-103.947133,8/8/2022 12:12,1102-01,8/8/2022,srp,0.00987,mgL-1,0.25,flame,12:12
247,Red Bluff Reservoir,RB4,31.969367,-103.947133,8/8/2022 12:12,1103-01,8/8/2022,srp,0.0119,mgL-1,0.25,flame,12:12
248,Red Bluff Reservoir,RB4,31.969367,-103.947133,8/8/2022 12:12,1104-01,8/8/2022,srp,0.0128,mgL-1,0.25,flame,12:12
249,Red Bluff Reservoir,RB4,31.969367,-103.947133,8/8/2022 12:12,1015-01,8/8/2022,tdn,0.918,mgL-1,0.25,flame,12:12
250,Red Bluff Reservoir,RB4,31.969367,-103.947133,8/8/2022 12:12,1016-01,8/8/2022,tdn,0.981,mgL-1,0.25,flame,12:12
251,Red Bluff Reservoir,RB4,31.969367,-103.947133,8/8/2022 12:12,1017-01,8/8/2022,tdn,0.828,mgL-1,0.25,flame,12:12
252,Red Bluff Reservoir,RB4,31.969367,-103.947133,8/8/2022 12:12,1015-01,8/8/2022,tdp,0.0181,mgL-1,0.25,flame,12:12
253,Red Bluff Reservoir,RB4,31.969367,-103.947133,8/8/2022 12:12,1016-01,8/8/2022,tdp,0.0163,mgL-1,0.25,flame,12:12
254,Red Bluff Reservoir,RB4,31.969367,-103.947133,8/8/2022 12:12,1017-01,8/8/2022,tdp,0.0199,mgL-1,0.25,flame,12:12
255,Red Bluff Reservoir,RB4,31.969367,-103.947133,8/8/2022 12:12,0287-15,8/8/2022,tn,1.38,mgL-1,0.25,flame,12:12
256,Red Bluff Reservoir,RB4,31.969367,-103.947133,8/8/2022 12:12,0723-04,8/8/2022,tn,1.3,mgL-1,0.25,flame,12:12
257,Red Bluff Reservoir,RB4,31.969367,-103.947133,8/8/2022 12:12,0731-04,8/8/2022,tn,1.28,mgL-1,0.25,flame,12:12
258,Red Bluff Reservoir,RB4,31.969367,-103.947133,8/8/2022 12:12,0287-15,8/8/2022,tp,0.0212,mgL-1,0.25,flame,12:12
259,Red Bluff Reservoir,RB4,31.969367,-103.947133,8/8/2022 12:12,0287-15,8/8/2022,tp,0.0167,mgL-1,0.25,flame,12:12
260,Red Bluff Reservoir,RB4,31.969367,-103.947133,8/8/2022 12:12,0723-04,8/8/2022,tp,0.0323,mgL-1,0.25,flame,12:12
261,Red Bluff Reservoir,RB4,31.969367,-103.947133,8/8/2022 12:12,0731-04,8/8/2022,tp,0.0325,mgL-1,0.25,flame,12:12
262,Red Bluff Reservoir,RB4,31.969367,-103.947133,8/8/2022 12:12,1187-16,8/8/2022,tss,12.5,mg/L,0.25,flame,12:12
263,Red Bluff Reservoir,RB4,31.969367,-103.947133,8/8/2022 12:12,1187-16,8/8/2022,turbidity,4.99,NTU,0.25,flame,12:12
264,Red Bluff Reservoir,RB5,31.9463,-103.942183,8/8/2022 12:25,1204-16,8/8/2022,afdm,3.75,mg/L,0.25,flame,12:25
265,Red Bluff Reservoir,RB5,31.9463,-103.942183,8/8/2022 12:25,1078-01,8/8/2022,nh4n,0.00937,mgL-1,0.25,flame,12:25
266,Red Bluff Reservoir,RB5,31.9463,-103.942183,8/8/2022 12:25,1078-01,8/8/2022,nh4n,0.00909,mgL-1,0.25,flame,12:25
267,Red Bluff Reservoir,RB5,31.9463,-103.942183,8/8/2022 12:25,1079-01,8/8/2022,nh4n,0.0073,mgL-1,0.25,flame,12:25
268,Red Bluff Reservoir,RB5,31.9463,-103.942183,8/8/2022 12:25,1080-01,8/8/2022,nh4n,0.0115,mgL-1,0.25,flame,12:25
269,Red Bluff Reservoir,RB5,31.9463,-103.942183,8/8/2022 12:25,1078-01,8/8/2022,no3n,0.00801,mgL-1,0.25,flame,12:25
270,Red Bluff Reservoir,RB5,31.9463,-103.942183,8/8/2022 12:25,1078-01,8/8/2022,no3n,0.00859,mgL-1,0.25,flame,12:25
271,Red Bluff Reservoir,RB5,31.9463,-103.942183,8/8/2022 12:25,1079-01,8/8/2022,no3n,-0.00042,mgL-1,0.25,flame,12:25
272,Red Bluff Reservoir,RB5,31.9463,-103.942183,8/8/2022 12:25,1080-01,8/8/2022,no3n,0.00769,mgL-1,0.25,flame,12:25
273,Red Bluff Reservoir,RB5,31.9463,-103.942183,8/8/2022 12:25,1078-01,8/8/2022,srp,0.0133,mgL-1,0.25,flame,12:25
274,Red Bluff Reservoir,RB5,31.9463,-103.942183,8/8/2022 12:25,1078-01,8/8/2022,srp,0.0129,mgL-1,0.25,flame,12:25
275,Red Bluff Reservoir,RB5,31.9463,-103.942183,8/8/2022 12:25,1079-01,8/8/2022,srp,0.0101,mgL-1,0.25,flame,12:25
276,Red Bluff Reservoir,RB5,31.9463,-103.942183,8/8/2022 12:25,1080-01,8/8/2022,srp,0.0125,mgL-1,0.25,flame,12:25
277,Red Bluff Reservoir,RB5,31.9463,-103.942183,8/8/2022 12:25,0997-01,8/8/2022,tdn,0.985,mgL-1,0.25,flame,12:25
278,Red Bluff Reservoir,RB5,31.9463,-103.942183,8/8/2022 12:25,0998-01,8/8/2022,tdn,1.1,mgL-1,0.25,flame,12:25
279,Red Bluff Reservoir,RB5,31.9463,-103.942183,8/8/2022 12:25,0999-01,8/8/2022,tdn,1.1,mgL-1,0.25,flame,12:25
280,Red Bluff Reservoir,RB5,31.9463,-103.942183,8/8/2022 12:25,0999-01,8/8/2022,tdn,1.11,mgL-1,0.25,flame,12:25
281,Red Bluff Reservoir,RB5,31.9463,-103.942183,8/8/2022 12:25,0997-01,8/8/2022,tdp,0.039,mgL-1,0.25,flame,12:25
282,Red Bluff Reservoir,RB5,31.9463,-103.942183,8/8/2022 12:25,0998-01,8/8/2022,tdp,0.0415,mgL-1,0.25,flame,12:25
283,Red Bluff Reservoir,RB5,31.9463,-103.942183,8/8/2022 12:25,0999-01,8/8/2022,tdp,0.0445,mgL-1,0.25,flame,12:25
284,Red Bluff Reservoir,RB5,31.9463,-103.942183,8/8/2022 12:25,1029-02,8/8/2022,tn,1.31,mgL-1,0.25,flame,12:25
285,Red Bluff Reservoir,RB5,31.9463,-103.942183,8/8/2022 12:25,1030-02,8/8/2022,tn,1.3,mgL-1,0.25,flame,12:25
286,Red Bluff Reservoir,RB5,31.9463,-103.942183,8/8/2022 12:25,1031-02,8/8/2022,tn,1.34,mgL-1,0.25,flame,12:25
287,Red Bluff Reservoir,RB5,31.9463,-103.942183,8/8/2022 12:25,1029-02,8/8/2022,tp,0.0327,mgL-1,0.25,flame,12:25
288,Red Bluff Reservoir,RB5,31.9463,-103.942183,8/8/2022 12:25,1030-02,8/8/2022,tp,0.0262,mgL-1,0.25,flame,12:25
289,Red Bluff Reservoir,RB5,31.9463,-103.942183,8/8/2022 12:25,1031-02,8/8/2022,tp,0.028,mgL-1,0.25,flame,12:25
290,Red Bluff Reservoir,RB5,31.9463,-103.942183,8/8/2022 12:25,1204-16,8/8/2022,tss,5.25,mg/L,0.25,flame,12:25
291,Red Bluff Reservoir,RB5,31.9463,-103.942183,8/8/2022 12:25,1204-16,8/8/2022,turbidity,4.33,NTU,0.25,flame,12:25
292,Red Bluff Reservoir,RB6,31.928883,-103.91895,8/8/2022 12:38,1182-16,8/8/2022,afdm,5.5,mg/L,0.25,flame,12:38
293,Red Bluff Reservoir,RB6,31.928883,-103.91895,8/8/2022 12:38,1055-01,8/8/2022,nh4n,0.0333,mgL-1,0.25,flame,12:38
294,Red Bluff Reservoir,RB6,31.928883,-103.91895,8/8/2022 12:38,1056-01,8/8/2022,nh4n,0.0295,mgL-1,0.25,flame,12:38
295,Red Bluff Reservoir,RB6,31.928883,-103.91895,8/8/2022 12:38,1057-01,8/8/2022,nh4n,0.0258,mgL-1,0.25,flame,12:38
296,Red Bluff Reservoir,RB6,31.928883,-103.91895,8/8/2022 12:38,1055-01,8/8/2022,no3n,0.00845,mgL-1,0.25,flame,12:38
297,Red Bluff Reservoir,RB6,31.928883,-103.91895,8/8/2022 12:38,1056-01,8/8/2022,no3n,0.00241,mgL-1,0.25,flame,12:38
298,Red Bluff Reservoir,RB6,31.928883,-103.91895,8/8/2022 12:38,1057-01,8/8/2022,no3n,0.0108,mgL-1,0.25,flame,12:38
299,Red Bluff Reservoir,RB6,31.928883,-103.91895,8/8/2022 12:38,1055-01,8/8/2022,srp,0.0116,mgL-1,0.25,flame,12:38
300,Red Bluff Reservoir,RB6,31.928883,-103.91895,8/8/2022 12:38,1056-01,8/8/2022,srp,0.0124,mgL-1,0.25,flame,12:38
301,Red Bluff Reservoir,RB6,31.928883,-103.91895,8/8/2022 12:38,1057-01,8/8/2022,srp,0.014,mgL-1,0.25,flame,12:38
302,Red Bluff Reservoir,RB6,31.928883,-103.91895,8/8/2022 12:38,0254-14,8/8/2022,tdn,1.02,mgL-1,0.25,flame,12:38
303,Red Bluff Reservoir,RB6,31.928883,-103.91895,8/8/2022 12:38,0280-14,8/8/2022,tdn,1.18,mgL-1,0.25,flame,12:38
304,Red Bluff Reservoir,RB6,31.928883,-103.91895,8/8/2022 12:38,0281-14,8/8/2022,tdn,1.02,mgL-1,0.25,flame,12:38
305,Red Bluff Reservoir,RB6,31.928883,-103.91895,8/8/2022 12:38,0254-14,8/8/2022,tdp,0.00678,mgL-1,0.25,flame,12:38
306,Red Bluff Reservoir,RB6,31.928883,-103.91895,8/8/2022 12:38,0280-14,8/8/2022,tdp,0.00866,mgL-1,0.25,flame,12:38
307,Red Bluff Reservoir,RB6,31.928883,-103.91895,8/8/2022 12:38,0280-14,8/8/2022,tdp,0.0103,mgL-1,0.25,flame,12:38
308,Red Bluff Reservoir,RB6,31.928883,-103.91895,8/8/2022 12:38,0281-14,8/8/2022,tdp,0.0177,mgL-1,0.25,flame,12:38
309,Red Bluff Reservoir,RB6,31.928883,-103.91895,8/8/2022 12:38,0762-02,8/8/2022,tn,1.25,mgL-1,0.25,flame,12:38
310,Red Bluff Reservoir,RB6,31.928883,-103.91895,8/8/2022 12:38,0763-02,8/8/2022,tn,1.27,mgL-1,0.25,flame,12:38
311,Red Bluff Reservoir,RB6,31.928883,-103.91895,8/8/2022 12:38,0766-02,8/8/2022,tn,1.43,mgL-1,0.25,flame,12:38
312,Red Bluff Reservoir,RB6,31.928883,-103.91895,8/8/2022 12:38,0762-02,8/8/2022,tp,0.0291,mgL-1,0.25,flame,12:38
313,Red Bluff Reservoir,RB6,31.928883,-103.91895,8/8/2022 12:38,0763-02,8/8/2022,tp,0.0334,mgL-1,0.25,flame,12:38
314,Red Bluff Reservoir,RB6,31.928883,-103.91895,8/8/2022 12:38,0763-02,8/8/2022,tp,0.0316,mgL-1,0.25,flame,12:38
315,Red Bluff Reservoir,RB6,31.928883,-103.91895,8/8/2022 12:38,0766-02,8/8/2022,tp,0.0332,mgL-1,0.25,flame,12:38
316,Red Bluff Reservoir,RB6,31.928883,-103.91895,8/8/2022 12:38,1182-16,8/8/2022,tss,4.5,mg/L,0.25,flame,12:38
317,Red Bluff Reservoir,RB6,31.928883,-103.91895,8/8/2022 12:38,1182-16,8/8/2022,turbidity,3.36,NTU,0.25,flame,12:38
318,Lake OH Ivie,IV1,31.554717,-99.713467,8/7/2022 10:32,1470-98,8/7/2022,chl a,12.5,ugL-1,0.25,flame,10:32
319,Lake OH Ivie,IV1,31.554717,-99.713467,8/7/2022 10:32,1471-98,8/7/2022,chl a,10.4,ugL-1,0.25,flame,10:32
320,Lake OH Ivie,IV1,31.554717,-99.713467,8/7/2022 10:32,1472-98,8/7/2022,chl a,6.21,ugL-1,0.25,flame,10:32
321,Lake OH Ivie,IV2,31.492633,-99.694383,8/7/2022 12:05,1473-98,8/7/2022,chl a,8.99,ugL-1,0.25,flame,12:05
322,Lake OH Ivie,IV2,31.492633,-99.694383,8/7/2022 12:05,1474-98,8/7/2022,chl a,7.84,ugL-1,0.25,flame,12:05
323,Lake OH Ivie,IV2,31.492633,-99.694383,8/7/2022 12:05,1475-98,8/7/2022,chl a,9.17,ugL-1,0.25,flame,12:05
324,Lake OH Ivie,IV3,31.502617,-99.66905,8/7/2022 12:18,1476-98,8/7/2022,chl a,4.63,ugL-1,0.25,flame,12:18
325,Lake OH Ivie,IV3,31.502617,-99.66905,8/7/2022 12:18,1477-98,8/7/2022,chl a,6.37,ugL-1,0.25,flame,12:18
326,Lake OH Ivie,IV3,31.502617,-99.66905,8/7/2022 12:18,1478-98,8/7/2022,chl a,5.45,ugL-1,0.25,flame,12:18
327,Lake OH Ivie,IV4,31.58,-99.684533,8/7/2022 12:55,1479-98,8/7/2022,chl a,5.97,ugL-1,0.25,flame,12:55
328,Lake OH Ivie,IV4,31.58,-99.684533,8/7/2022 12:55,1480-98,8/7/2022,chl a,5.83,ugL-1,0.25,flame,12:55
329,Lake OH Ivie,IV4,31.58,-99.684533,8/7/2022 12:55,1481-98,8/7/2022,chl a,6.71,ugL-1,0.25,flame,12:55
330,Lake OH Ivie,IV1,31.554717,-99.713467,8/7/2022 10:32,1072-01,8/7/2022,nh4n,0.00527,mgL-1,0.25,flame,10:32
331,Lake OH Ivie,IV1,31.554717,-99.713467,8/7/2022 10:32,1073-01,8/7/2022,nh4n,0.0059,mgL-1,0.25,flame,10:32
332,Lake OH Ivie,IV1,31.554717,-99.713467,8/7/2022 10:32,1074-01,8/7/2022,nh4n,0.00856,mgL-1,0.25,flame,10:32
333,Lake OH Ivie,IV1,31.554717,-99.713467,8/7/2022 10:32,1072-01,8/7/2022,no3n,0.0162,mgL-1,0.25,flame,10:32
334,Lake OH Ivie,IV1,31.554717,-99.713467,8/7/2022 10:32,1073-01,8/7/2022,no3n,0.00714,mgL-1,0.25,flame,10:32
335,Lake OH Ivie,IV1,31.554717,-99.713467,8/7/2022 10:32,1074-01,8/7/2022,no3n,0.018,mgL-1,0.25,flame,10:32
336,Lake OH Ivie,IV1,31.554717,-99.713467,8/7/2022 10:32,1072-01,8/7/2022,srp,0.00735,mgL-1,0.25,flame,10:32
337,Lake OH Ivie,IV1,31.554717,-99.713467,8/7/2022 10:32,1073-01,8/7/2022,srp,0.00719,mgL-1,0.25,flame,10:32
338,Lake OH Ivie,IV1,31.554717,-99.713467,8/7/2022 10:32,1074-01,8/7/2022,srp,0.00632,mgL-1,0.25,flame,10:32
339,Lake OH Ivie,IV1,31.554717,-99.713467,8/7/2022 10:32,0572-04,8/7/2022,tn,1.2,mgL-1,0.25,flame,10:32
340,Lake OH Ivie,IV1,31.554717,-99.713467,8/7/2022 10:32,0574-04,8/7/2022,tn,1.16,mgL-1,0.25,flame,10:32
341,Lake OH Ivie,IV1,31.554717,-99.713467,8/7/2022 10:32,0709-04,8/7/2022,tn,1.26,mgL-1,0.25,flame,10:32
342,Lake OH Ivie,IV1,31.554717,-99.713467,8/7/2022 10:32,0572-04,8/7/2022,tp,0.0285,mgL-1,0.25,flame,10:32
343,Lake OH Ivie,IV1,31.554717,-99.713467,8/7/2022 10:32,0574-04,8/7/2022,tp,0.036,mgL-1,0.25,flame,10:32
344,Lake OH Ivie,IV1,31.554717,-99.713467,8/7/2022 10:32,0709-04,8/7/2022,tp,0.0279,mgL-1,0.25,flame,10:32
345,Lake OH Ivie,IV1,31.554717,-99.713467,8/7/2022 10:32,1184-16,8/7/2022,turbidity,2.36,NTU,0.25,flame,10:32
346,Lake OH Ivie,IV2,31.492633,-99.694383,8/7/2022 12:05,1081-01,8/7/2022,nh4n,0.019,mgL-1,0.25,flame,12:05
347,Lake OH Ivie,IV2,31.492633,-99.694383,8/7/2022 12:05,1082-01,8/7/2022,nh4n,0.003,mgL-1,0.25,flame,12:05
348,Lake OH Ivie,IV2,31.492633,-99.694383,8/7/2022 12:05,1083-01,8/7/2022,nh4n,0.00287,mgL-1,0.25,flame,12:05
349,Lake OH Ivie,IV2,31.492633,-99.694383,8/7/2022 12:05,1081-01,8/7/2022,no3n,0.0181,mgL-1,0.25,flame,12:05
350,Lake OH Ivie,IV2,31.492633,-99.694383,8/7/2022 12:05,1082-01,8/7/2022,no3n,0.000929,mgL-1,0.25,flame,12:05
351,Lake OH Ivie,IV2,31.492633,-99.694383,8/7/2022 12:05,1083-01,8/7/2022,no3n,0.0122,mgL-1,0.25,flame,12:05
352,Lake OH Ivie,IV2,31.492633,-99.694383,8/7/2022 12:05,1081-01,8/7/2022,srp,0.00529,mgL-1,0.25,flame,12:05
353,Lake OH Ivie,IV2,31.492633,-99.694383,8/7/2022 12:05,1082-01,8/7/2022,srp,0.00554,mgL-1,0.25,flame,12:05
354,Lake OH Ivie,IV2,31.492633,-99.694383,8/7/2022 12:05,1083-01,8/7/2022,srp,0.00497,mgL-1,0.25,flame,12:05
355,Lake OH Ivie,IV2,31.492633,-99.694383,8/7/2022 12:05,0991-14,8/7/2022,tdn,1.02,mgL-1,0.25,flame,12:05
356,Lake OH Ivie,IV2,31.492633,-99.694383,8/7/2022 12:05,0992-14,8/7/2022,tdn,1.04,mgL-1,0.25,flame,12:05
357,Lake OH Ivie,IV2,31.492633,-99.694383,8/7/2022 12:05,0993-14,8/7/2022,tdn,0.847,mgL-1,0.25,flame,12:05
358,Lake OH Ivie,IV2,31.492633,-99.694383,8/7/2022 12:05,0991-14,8/7/2022,tdp,0.0129,mgL-1,0.25,flame,12:05
359,Lake OH Ivie,IV2,31.492633,-99.694383,8/7/2022 12:05,0991-14,8/7/2022,tdp,0.0154,mgL-1,0.25,flame,12:05
360,Lake OH Ivie,IV2,31.492633,-99.694383,8/7/2022 12:05,0992-14,8/7/2022,tdp,0.00955,mgL-1,0.25,flame,12:05
361,Lake OH Ivie,IV2,31.492633,-99.694383,8/7/2022 12:05,0993-14,8/7/2022,tdp,0.00808,mgL-1,0.25,flame,12:05
362,Lake OH Ivie,IV2,31.492633,-99.694383,8/7/2022 12:05,0721-04,8/7/2022,tn,0.743,mgL-1,0.25,flame,12:05
363,Lake OH Ivie,IV2,31.492633,-99.694383,8/7/2022 12:05,0722-04,8/7/2022,tn,0.896,mgL-1,0.25,flame,12:05
364,Lake OH Ivie,IV2,31.492633,-99.694383,8/7/2022 12:05,0735-04,8/7/2022,tn,0.712,mgL-1,0.25,flame,12:05
365,Lake OH Ivie,IV2,31.492633,-99.694383,8/7/2022 12:05,0721-04,8/7/2022,tp,0.0173,mgL-1,0.25,flame,12:05
366,Lake OH Ivie,IV2,31.492633,-99.694383,8/7/2022 12:05,0722-04,8/7/2022,tp,0.0234,mgL-1,0.25,flame,12:05
367,Lake OH Ivie,IV2,31.492633,-99.694383,8/7/2022 12:05,0735-04,8/7/2022,tp,0.0179,mgL-1,0.25,flame,12:05
368,Lake OH Ivie,IV2,31.492633,-99.694383,8/7/2022 12:05,1192-16,8/7/2022,turbidity,2.55,NTU,0.25,flame,12:05
369,Lake OH Ivie,IV3,31.502617,-99.66905,8/7/2022 12:18,1063-01,8/7/2022,nh4n,0.00365,mgL-1,0.25,flame,12:18
370,Lake OH Ivie,IV3,31.502617,-99.66905,8/7/2022 12:18,1064-01,8/7/2022,nh4n,0.00358,mgL-1,0.25,flame,12:18
371,Lake OH Ivie,IV3,31.502617,-99.66905,8/7/2022 12:18,1065-01,8/7/2022,nh4n,0.00956,mgL-1,0.25,flame,12:18
372,Lake OH Ivie,IV3,31.502617,-99.66905,8/7/2022 12:18,1065-01,8/7/2022,nh4n,0.01,mgL-1,0.25,flame,12:18
373,Lake OH Ivie,IV3,31.502617,-99.66905,8/7/2022 12:18,1063-01,8/7/2022,no3n,0.0146,mgL-1,0.25,flame,12:18
374,Lake OH Ivie,IV3,31.502617,-99.66905,8/7/2022 12:18,1064-01,8/7/2022,no3n,0.0128,mgL-1,0.25,flame,12:18
375,Lake OH Ivie,IV3,31.502617,-99.66905,8/7/2022 12:18,1065-01,8/7/2022,no3n,0.021,mgL-1,0.25,flame,12:18
376,Lake OH Ivie,IV3,31.502617,-99.66905,8/7/2022 12:18,1065-01,8/7/2022,no3n,0.0209,mgL-1,0.25,flame,12:18
377,Lake OH Ivie,IV3,31.502617,-99.66905,8/7/2022 12:18,1063-01,8/7/2022,srp,0.0051,mgL-1,0.25,flame,12:18
378,Lake OH Ivie,IV3,31.502617,-99.66905,8/7/2022 12:18,1064-01,8/7/2022,srp,0.00526,mgL-1,0.25,flame,12:18
379,Lake OH Ivie,IV3,31.502617,-99.66905,8/7/2022 12:18,1065-01,8/7/2022,srp,0.0051,mgL-1,0.25,flame,12:18
380,Lake OH Ivie,IV3,31.502617,-99.66905,8/7/2022 12:18,1065-01,8/7/2022,srp,0.00516,mgL-1,0.25,flame,12:18
381,Lake OH Ivie,IV3,31.502617,-99.66905,8/7/2022 12:18,0979-14,8/7/2022,tdn,0.964,mgL-1,0.25,flame,12:18
382,Lake OH Ivie,IV3,31.502617,-99.66905,8/7/2022 12:18,0987-14,8/7/2022,tdn,0.997,mgL-1,0.25,flame,12:18
383,Lake OH Ivie,IV3,31.502617,-99.66905,8/7/2022 12:18,0988-14,8/7/2022,tdn,0.954,mgL-1,0.25,flame,12:18
384,Lake OH Ivie,IV3,31.502617,-99.66905,8/7/2022 12:18,0979-14,8/7/2022,tdp,0.00781,mgL-1,0.25,flame,12:18
385,Lake OH Ivie,IV3,31.502617,-99.66905,8/7/2022 12:18,0987-14,8/7/2022,tdp,0.0141,mgL-1,0.25,flame,12:18
386,Lake OH Ivie,IV3,31.502617,-99.66905,8/7/2022 12:18,0988-14,8/7/2022,tdp,0.00577,mgL-1,0.25,flame,12:18
387,Lake OH Ivie,IV3,31.502617,-99.66905,8/7/2022 12:18,1032-02,8/7/2022,tn,0.963,mgL-1,0.25,flame,12:18
388,Lake OH Ivie,IV3,31.502617,-99.66905,8/7/2022 12:18,1033-02,8/7/2022,tn,0.978,mgL-1,0.25,flame,12:18
389,Lake OH Ivie,IV3,31.502617,-99.66905,8/7/2022 12:18,1034-02,8/7/2022,tn,0.98,mgL-1,0.25,flame,12:18
390,Lake OH Ivie,IV3,31.502617,-99.66905,8/7/2022 12:18,1032-02,8/7/2022,tp,0.0301,mgL-1,0.25,flame,12:18
391,Lake OH Ivie,IV3,31.502617,-99.66905,8/7/2022 12:18,1033-02,8/7/2022,tp,0.0121,mgL-1,0.25,flame,12:18
392,Lake OH Ivie,IV3,31.502617,-99.66905,8/7/2022 12:18,1033-02,8/7/2022,tp,0.0133,mgL-1,0.25,flame,12:18
393,Lake OH Ivie,IV3,31.502617,-99.66905,8/7/2022 12:18,1034-02,8/7/2022,tp,0.0177,mgL-1,0.25,flame,12:18
394,Lake OH Ivie,IV3,31.502617,-99.66905,8/7/2022 12:18,1198-16,8/7/2022,turbidity,1.13,NTU,0.25,flame,12:18
395,Lake OH Ivie,IV4,31.58,-99.684533,8/7/2022 12:55,1066-01,8/7/2022,nh4n,0.00241,mgL-1,0.25,flame,12:55
396,Lake OH Ivie,IV4,31.58,-99.684533,8/7/2022 12:55,1067-01,8/7/2022,nh4n,0.00319,mgL-1,0.25,flame,12:55
397,Lake OH Ivie,IV4,31.58,-99.684533,8/7/2022 12:55,1068-01,8/7/2022,nh4n,0.0304,mgL-1,0.25,flame,12:55
398,Lake OH Ivie,IV4,31.58,-99.684533,8/7/2022 12:55,1066-01,8/7/2022,no3n,0.009,mgL-1,0.25,flame,12:55
399,Lake OH Ivie,IV4,31.58,-99.684533,8/7/2022 12:55,1067-01,8/7/2022,no3n,0.00706,mgL-1,0.25,flame,12:55
400,Lake OH Ivie,IV4,31.58,-99.684533,8/7/2022 12:55,1068-01,8/7/2022,no3n,0.011,mgL-1,0.25,flame,12:55
401,Lake OH Ivie,IV4,31.58,-99.684533,8/7/2022 12:55,1066-01,8/7/2022,srp,0.00497,mgL-1,0.25,flame,12:55
402,Lake OH Ivie,IV4,31.58,-99.684533,8/7/2022 12:55,1067-01,8/7/2022,srp,0.00555,mgL-1,0.25,flame,12:55
403,Lake OH Ivie,IV4,31.58,-99.684533,8/7/2022 12:55,1068-01,8/7/2022,srp,0.00512,mgL-1,0.25,flame,12:55
404,Lake OH Ivie,IV4,31.58,-99.684533,8/7/2022 12:55,0282-14,8/7/2022,tdn,0.931,mgL-1,0.25,flame,12:55
405,Lake OH Ivie,IV4,31.58,-99.684533,8/7/2022 12:55,0284-14,8/7/2022,tdn,1.04,mgL-1,0.25,flame,12:55
406,Lake OH Ivie,IV4,31.58,-99.684533,8/7/2022 12:55,0285-14,8/7/2022,tdn,1.04,mgL-1,0.25,flame,12:55
407,Lake OH Ivie,IV4,31.58,-99.684533,8/7/2022 12:55,0282-14,8/7/2022,tdp,0.0157,mgL-1,0.25,flame,12:55
408,Lake OH Ivie,IV4,31.58,-99.684533,8/7/2022 12:55,0284-14,8/7/2022,tdp,0.0148,mgL-1,0.25,flame,12:55
409,Lake OH Ivie,IV4,31.58,-99.684533,8/7/2022 12:55,0285-14,8/7/2022,tdp,0.012,mgL-1,0.25,flame,12:55
410,Lake OH Ivie,IV4,31.58,-99.684533,8/7/2022 12:55,0729-04,8/7/2022,tn,1.11,mgL-1,0.25,flame,12:55
411,Lake OH Ivie,IV4,31.58,-99.684533,8/7/2022 12:55,0730-04,8/7/2022,tn,0.822,mgL-1,0.25,flame,12:55
412,Lake OH Ivie,IV4,31.58,-99.684533,8/7/2022 12:55,0730-04,8/7/2022,tn,0.821,mgL-1,0.25,flame,12:55
413,Lake OH Ivie,IV4,31.58,-99.684533,8/7/2022 12:55,0729-04,8/7/2022,tp,0.0131,mgL-1,0.25,flame,12:55
414,Lake OH Ivie,IV4,31.58,-99.684533,8/7/2022 12:55,0730-04,8/7/2022,tp,0.0212,mgL-1,0.25,flame,12:55
415,Lake OH Ivie,IV4,31.58,-99.684533,8/7/2022 12:55,1185-16,8/7/2022,turbidity,2.78,NTU,0.25,flame,12:55
416,Lake Brownwood,BW1,31.83805,-99.097983,8/6/2022 12:58,1458-98,8/6/2022,chl a,5.14,ugL-1,0.25,flame,12:58
417,Lake Brownwood,BW1,31.83805,-99.097983,8/6/2022 13:26,1459-98,8/6/2022,chl a,13.5,ugL-1,0.25,flame,13:26
418,Lake Brownwood,BW1,31.83805,-99.097983,8/6/2022 13:26,1460-98,8/6/2022,chl a,6.23,ugL-1,0.25,flame,13:26
419,Lake Brownwood,BW2,31.824617,-99.057317,8/6/2022 13:52,1461-98,8/6/2022,chl a,9.36,ugL-1,0.25,flame,13:52
420,Lake Brownwood,BW2,31.824617,-99.057317,8/6/2022 13:52,1462-98,8/6/2022,chl a,6.72,ugL-1,0.25,flame,13:52
421,Lake Brownwood,BW2,31.824617,-99.057317,8/6/2022 13:52,1463-98,8/6/2022,chl a,4.64,ugL-1,0.25,flame,13:52
422,Lake Brownwood,BW3,31.8388,-99.004467,8/6/2022 14:20,1464-98,8/6/2022,chl a,9.67,ugL-1,0.25,flame,14:20
423,Lake Brownwood,BW3,31.8388,-99.004467,8/6/2022 14:20,1465-98,8/6/2022,chl a,9.97,ugL-1,0.25,flame,14:20
424,Lake Brownwood,BW3,31.8388,-99.004467,8/6/2022 14:20,1466-98,8/6/2022,chl a,9.82,ugL-1,0.25,flame,14:20
425,Lake Brownwood,BW4,31.886317,-99.021583,8/6/2022 15:00,1467-98,8/6/2022,chl a,10.2,ugL-1,0.25,flame,15:00
426,Lake Brownwood,BW4,31.886317,-99.021583,8/6/2022 15:00,1468-98,8/6/2022,chl a,6.7,ugL-1,0.25,flame,15:00
427,Lake Brownwood,BW4,31.886317,-99.021583,8/6/2022 15:00,1469-98,8/6/2022,chl a,11.2,ugL-1,0.25,flame,15:00
428,Lake Brownwood,BW1,31.83805,-99.097983,8/6/2022 13:26,1197-16,8/6/2022,afdm,6.3,mg/L,0.25,flame,13:26
429,Lake Brownwood,BW1,31.83805,-99.097983,8/6/2022 13:26,1087-01,8/6/2022,nh4n,0.0176,mgL-1,0.25,flame,13:26
430,Lake Brownwood,BW1,31.83805,-99.097983,8/6/2022 13:26,1088-01,8/6/2022,nh4n,0.0111,mgL-1,0.25,flame,13:26
431,Lake Brownwood,BW1,31.83805,-99.097983,8/6/2022 13:26,1089-01,8/6/2022,nh4n,0.013,mgL-1,0.25,flame,13:26
432,Lake Brownwood,BW1,31.83805,-99.097983,8/6/2022 13:26,1089-01,8/6/2022,nh4n,0.0123,mgL-1,0.25,flame,13:26
433,Lake Brownwood,BW1,31.83805,-99.097983,8/6/2022 13:26,1087-01,8/6/2022,no3n,0.00633,mgL-1,0.25,flame,13:26
434,Lake Brownwood,BW1,31.83805,-99.097983,8/6/2022 13:26,1088-01,8/6/2022,no3n,0.00316,mgL-1,0.25,flame,13:26
435,Lake Brownwood,BW1,31.83805,-99.097983,8/6/2022 13:26,1089-01,8/6/2022,no3n,-0.00139,mgL-1,0.25,flame,13:26
436,Lake Brownwood,BW1,31.83805,-99.097983,8/6/2022 13:26,1089-01,8/6/2022,no3n,-0.0013,mgL-1,0.25,flame,13:26
437,Lake Brownwood,BW1,31.83805,-99.097983,8/6/2022 13:26,1087-01,8/6/2022,srp,0.0085,mgL-1,0.25,flame,13:26
438,Lake Brownwood,BW1,31.83805,-99.097983,8/6/2022 13:26,1088-01,8/6/2022,srp,0.00868,mgL-1,0.25,flame,13:26
439,Lake Brownwood,BW1,31.83805,-99.097983,8/6/2022 13:26,1089-01,8/6/2022,srp,0.00983,mgL-1,0.25,flame,13:26
440,Lake Brownwood,BW1,31.83805,-99.097983,8/6/2022 13:26,1089-01,8/6/2022,srp,0.01,mgL-1,0.25,flame,13:26
441,Lake Brownwood,BW1,31.83805,-99.097983,8/6/2022 13:26,1003-01,8/6/2022,tdn,0.625,mgL-1,0.25,flame,13:26
442,Lake Brownwood,BW1,31.83805,-99.097983,8/6/2022 13:26,1004-01,8/6/2022,tdn,0.727,mgL-1,0.25,flame,13:26
443,Lake Brownwood,BW1,31.83805,-99.097983,8/6/2022 13:26,1005-01,8/6/2022,tdn,0.82,mgL-1,0.25,flame,13:26
444,Lake Brownwood,BW1,31.83805,-99.097983,8/6/2022 13:26,1003-01,8/6/2022,tdp,0.0209,mgL-1,0.25,flame,13:26
445,Lake Brownwood,BW1,31.83805,-99.097983,8/6/2022 13:26,1004-01,8/6/2022,tdp,0.026,mgL-1,0.25,flame,13:26
446,Lake Brownwood,BW1,31.83805,-99.097983,8/6/2022 13:26,1005-01,8/6/2022,tdp,0.0455,mgL-1,0.25,flame,13:26
447,Lake Brownwood,BW1,31.83805,-99.097983,8/6/2022 13:26,1041-02,8/6/2022,tn,0.955,mgL-1,0.25,flame,13:26
448,Lake Brownwood,BW1,31.83805,-99.097983,8/6/2022 13:26,1042-02,8/6/2022,tn,0.952,mgL-1,0.25,flame,13:26
449,Lake Brownwood,BW1,31.83805,-99.097983,8/6/2022 13:26,1042-02,8/6/2022,tn,0.952,mgL-1,0.25,flame,13:26
450,Lake Brownwood,BW1,31.83805,-99.097983,8/6/2022 13:26,1043-02,8/6/2022,tn,0.958,mgL-1,0.25,flame,13:26
451,Lake Brownwood,BW1,31.83805,-99.097983,8/6/2022 13:26,1041-02,8/6/2022,tp,0.053,mgL-1,0.25,flame,13:26
452,Lake Brownwood,BW1,31.83805,-99.097983,8/6/2022 13:26,1042-02,8/6/2022,tp,0.0571,mgL-1,0.25,flame,13:26
453,Lake Brownwood,BW1,31.83805,-99.097983,8/6/2022 13:26,1043-02,8/6/2022,tp,0.0509,mgL-1,0.25,flame,13:26
454,Lake Brownwood,BW1,31.83805,-99.097983,8/6/2022 13:26,1197-16,8/6/2022,tss,20.3,mg/L,0.25,flame,13:26
455,Lake Brownwood,BW1,31.83805,-99.097983,8/6/2022 13:26,1197-16,8/6/2022,turbidity,14.4,NTU,0.25,flame,13:26
456,Lake Brownwood,BW2,31.824617,-99.057317,8/6/2022 13:52,1199-16,8/6/2022,afdm,6.3,mg/L,0.25,flame,13:52
457,Lake Brownwood,BW2,31.824617,-99.057317,8/6/2022 13:52,1075-01,8/6/2022,nh4n,0.0068,mgL-1,0.25,flame,13:52
458,Lake Brownwood,BW2,31.824617,-99.057317,8/6/2022 13:52,1076-01,8/6/2022,nh4n,0.00649,mgL-1,0.25,flame,13:52
459,Lake Brownwood,BW2,31.824617,-99.057317,8/6/2022 13:52,1077-01,8/6/2022,nh4n,0.00676,mgL-1,0.25,flame,13:52
460,Lake Brownwood,BW2,31.824617,-99.057317,8/6/2022 13:52,1075-01,8/6/2022,no3n,0.00601,mgL-1,0.25,flame,13:52
461,Lake Brownwood,BW2,31.824617,-99.057317,8/6/2022 13:52,1076-01,8/6/2022,no3n,0.00847,mgL-1,0.25,flame,13:52
462,Lake Brownwood,BW2,31.824617,-99.057317,8/6/2022 13:52,1077-01,8/6/2022,no3n,0.0186,mgL-1,0.25,flame,13:52
463,Lake Brownwood,BW2,31.824617,-99.057317,8/6/2022 13:52,1075-01,8/6/2022,srp,0.00781,mgL-1,0.25,flame,13:52
464,Lake Brownwood,BW2,31.824617,-99.057317,8/6/2022 13:52,1076-01,8/6/2022,srp,0.0124,mgL-1,0.25,flame,13:52
465,Lake Brownwood,BW2,31.824617,-99.057317,8/6/2022 13:52,1077-01,8/6/2022,srp,0.00769,mgL-1,0.25,flame,13:52
466,Lake Brownwood,BW2,31.824617,-99.057317,8/6/2022 13:52,0255-14,8/6/2022,tdn,0.716,mgL-1,0.25,flame,13:52
467,Lake Brownwood,BW2,31.824617,-99.057317,8/6/2022 13:52,0977-14,8/6/2022,tdn,0.749,mgL-1,0.25,flame,13:52
468,Lake Brownwood,BW2,31.824617,-99.057317,8/6/2022 13:52,0990-01,8/6/2022,tdn,0.691,mgL-1,0.25,flame,13:52
469,Lake Brownwood,BW2,31.824617,-99.057317,8/6/2022 13:52,0990-01,8/6/2022,tdn,0.691,mgL-1,0.25,flame,13:52
470,Lake Brownwood,BW2,31.824617,-99.057317,8/6/2022 13:52,0255-14,8/6/2022,tdp,0.021,mgL-1,0.25,flame,13:52
471,Lake Brownwood,BW2,31.824617,-99.057317,8/6/2022 13:52,0977-14,8/6/2022,tdp,0.0206,mgL-1,0.25,flame,13:52
472,Lake Brownwood,BW2,31.824617,-99.057317,8/6/2022 13:52,0977-14,8/6/2022,tdp,0.0238,mgL-1,0.25,flame,13:52
473,Lake Brownwood,BW2,31.824617,-99.057317,8/6/2022 13:52,0990-01,8/6/2022,tdp,0.0211,mgL-1,0.25,flame,13:52
474,Lake Brownwood,BW2,31.824617,-99.057317,8/6/2022 13:52,1038-02,8/6/2022,tn,0.754,mgL-1,0.25,flame,13:52
475,Lake Brownwood,BW2,31.824617,-99.057317,8/6/2022 13:52,1040-02,8/6/2022,tn,0.79,mgL-1,0.25,flame,13:52
476,Lake Brownwood,BW2,31.824617,-99.057317,8/6/2022 13:52,1038-02,8/6/2022,tp,0.0385,mgL-1,0.25,flame,13:52
477,Lake Brownwood,BW2,31.824617,-99.057317,8/6/2022 13:52,1040-02,8/6/2022,tp,0.0367,mgL-1,0.25,flame,13:52
478,Lake Brownwood,BW2,31.824617,-99.057317,8/6/2022 13:52,1199-16,8/6/2022,tss,-2.3,mg/L,0.25,flame,13:52
479,Lake Brownwood,BW2,31.824617,-99.057317,8/6/2022 13:52,1199-16,8/6/2022,turbidity,5.42,NTU,0.25,flame,13:52
480,Lake Brownwood,BW3,31.8388,-99.004467,8/6/2022 14:20,1202-16,8/6/2022,afdm,1.3,mg/L,0.25,flame,14:20
481,Lake Brownwood,BW3,31.8388,-99.004467,8/6/2022 14:20,1054-01,8/6/2022,nh4n,0.0102,mgL-1,0.25,flame,14:20
482,Lake Brownwood,BW3,31.8388,-99.004467,8/6/2022 14:20,1058-01,8/6/2022,nh4n,0.0113,mgL-1,0.25,flame,14:20
483,Lake Brownwood,BW3,31.8388,-99.004467,8/6/2022 14:20,1059-01,8/6/2022,nh4n,0.00597,mgL-1,0.25,flame,14:20
484,Lake Brownwood,BW3,31.8388,-99.004467,8/6/2022 14:20,1054-01,8/6/2022,no3n,0.0156,mgL-1,0.25,flame,14:20
485,Lake Brownwood,BW3,31.8388,-99.004467,8/6/2022 14:20,1058-01,8/6/2022,no3n,0.0073,mgL-1,0.25,flame,14:20
486,Lake Brownwood,BW3,31.8388,-99.004467,8/6/2022 14:20,1059-01,8/6/2022,no3n,0.0102,mgL-1,0.25,flame,14:20
487,Lake Brownwood,BW3,31.8388,-99.004467,8/6/2022 14:20,1054-01,8/6/2022,srp,0.00863,mgL-1,0.25,flame,14:20
488,Lake Brownwood,BW3,31.8388,-99.004467,8/6/2022 14:20,1058-01,8/6/2022,srp,0.00785,mgL-1,0.25,flame,14:20
489,Lake Brownwood,BW3,31.8388,-99.004467,8/6/2022 14:20,1059-01,8/6/2022,srp,0.00679,mgL-1,0.25,flame,14:20
490,Lake Brownwood,BW3,31.8388,-99.004467,8/6/2022 14:20,0475-01,8/6/2022,tdn,0.646,mgL-1,0.25,flame,14:20
491,Lake Brownwood,BW3,31.8388,-99.004467,8/6/2022 14:20,0476-01,8/6/2022,tdn,0.658,mgL-1,0.25,flame,14:20
492,Lake Brownwood,BW3,31.8388,-99.004467,8/6/2022 14:20,0989-14,8/6/2022,tdn,0.652,mgL-1,0.25,flame,14:20
493,Lake Brownwood,BW3,31.8388,-99.004467,8/6/2022 14:20,0475-01,8/6/2022,tdp,0.0232,mgL-1,0.25,flame,14:20
494,Lake Brownwood,BW3,31.8388,-99.004467,8/6/2022 14:20,0476-01,8/6/2022,tdp,0.0215,mgL-1,0.25,flame,14:20
495,Lake Brownwood,BW3,31.8388,-99.004467,8/6/2022 14:20,0989-14,8/6/2022,tdp,0.0225,mgL-1,0.25,flame,14:20
496,Lake Brownwood,BW3,31.8388,-99.004467,8/6/2022 14:20,1026-02,8/6/2022,tn,0.742,mgL-1,0.25,flame,14:20
497,Lake Brownwood,BW3,31.8388,-99.004467,8/6/2022 14:20,1027-02,8/6/2022,tn,0.802,mgL-1,0.25,flame,14:20
498,Lake Brownwood,BW3,31.8388,-99.004467,8/6/2022 14:20,1027-02,8/6/2022,tn,0.801,mgL-1,0.25,flame,14:20
499,Lake Brownwood,BW3,31.8388,-99.004467,8/6/2022 14:20,1028-02,8/6/2022,tn,0.7,mgL-1,0.25,flame,14:20
500,Lake Brownwood,BW3,31.8388,-99.004467,8/6/2022 14:20,1026-02,8/6/2022,tp,0.0306,mgL-1,0.25,flame,14:20
501,Lake Brownwood,BW3,31.8388,-99.004467,8/6/2022 14:20,1027-02,8/6/2022,tp,0.0262,mgL-1,0.25,flame,14:20
502,Lake Brownwood,BW3,31.8388,-99.004467,8/6/2022 14:20,1027-02,8/6/2022,tp,0.0238,mgL-1,0.25,flame,14:20
503,Lake Brownwood,BW3,31.8388,-99.004467,8/6/2022 14:20,1028-02,8/6/2022,tp,0.0224,mgL-1,0.25,flame,14:20
504,Lake Brownwood,BW3,31.8388,-99.004467,8/6/2022 14:20,1202-16,8/6/2022,tss,1.3,mg/L,0.25,flame,14:20
505,Lake Brownwood,BW3,31.8388,-99.004467,8/6/2022 14:20,1202-16,8/6/2022,turbidity,2.66,NTU,0.25,flame,14:20
506,Lake Brownwood,BW4,31.886317,-99.021583,8/6/2022 15:00,1183-16,8/6/2022,afdm,3,mg/L,0.25,flame,15:00
507,Lake Brownwood,BW4,31.886317,-99.021583,8/6/2022 15:00,1060-01,8/6/2022,nh4n,0.00987,mgL-1,0.25,flame,15:00
508,Lake Brownwood,BW4,31.886317,-99.021583,8/6/2022 15:00,1061-01,8/6/2022,nh4n,0.00593,mgL-1,0.25,flame,15:00
509,Lake Brownwood,BW4,31.886317,-99.021583,8/6/2022 15:00,1062-01,8/6/2022,nh4n,0.00985,mgL-1,0.25,flame,15:00
510,Lake Brownwood,BW4,31.886317,-99.021583,8/6/2022 15:00,1060-01,8/6/2022,no3n,0.00855,mgL-1,0.25,flame,15:00
511,Lake Brownwood,BW4,31.886317,-99.021583,8/6/2022 15:00,1061-01,8/6/2022,no3n,0.00405,mgL-1,0.25,flame,15:00
512,Lake Brownwood,BW4,31.886317,-99.021583,8/6/2022 15:00,1062-01,8/6/2022,no3n,-0.00119,mgL-1,0.25,flame,15:00
513,Lake Brownwood,BW4,31.886317,-99.021583,8/6/2022 15:00,1060-01,8/6/2022,srp,0.00872,mgL-1,0.25,flame,15:00
514,Lake Brownwood,BW4,31.886317,-99.021583,8/6/2022 15:00,1061-01,8/6/2022,srp,0.00746,mgL-1,0.25,flame,15:00
515,Lake Brownwood,BW4,31.886317,-99.021583,8/6/2022 15:00,1062-01,8/6/2022,srp,0.00859,mgL-1,0.25,flame,15:00
516,Lake Brownwood,BW4,31.886317,-99.021583,8/6/2022 15:00,0283-14,8/6/2022,tdn,0.743,mgL-1,0.25,flame,15:00
517,Lake Brownwood,BW4,31.886317,-99.021583,8/6/2022 15:00,0981-14,8/6/2022,tdn,0.68,mgL-1,0.25,flame,15:00
518,Lake Brownwood,BW4,31.886317,-99.021583,8/6/2022 15:00,0985-14,8/6/2022,tdn,0.71,mgL-1,0.25,flame,15:00
519,Lake Brownwood,BW4,31.886317,-99.021583,8/6/2022 15:00,0283-14,8/6/2022,tdp,0.0296,mgL-1,0.25,flame,15:00
520,Lake Brownwood,BW4,31.886317,-99.021583,8/6/2022 15:00,0985-14,8/6/2022,tdp,0.0291,mgL-1,0.25,flame,15:00
521,Lake Brownwood,BW4,31.886317,-99.021583,8/6/2022 15:00,0713-04,8/6/2022,tn,0.897,mgL-1,0.25,flame,15:00
522,Lake Brownwood,BW4,31.886317,-99.021583,8/6/2022 15:00,0715-04,8/6/2022,tn,0.84,mgL-1,0.25,flame,15:00
523,Lake Brownwood,BW4,31.886317,-99.021583,8/6/2022 15:00,0713-04,8/6/2022,tp,0.0442,mgL-1,0.25,flame,15:00
524,Lake Brownwood,BW4,31.886317,-99.021583,8/6/2022 15:00,0715-04,8/6/2022,tp,0.036,mgL-1,0.25,flame,15:00
525,Lake Brownwood,BW4,31.886317,-99.021583,8/6/2022 15:00,1183-16,8/6/2022,tss,9.3,mg/L,0.25,flame,15:00
526,Lake Brownwood,BW4,31.886317,-99.021583,8/6/2022 15:00,1183-16,8/6/2022,turbidity,12.6,NTU,0.25,flame,15:00
527,Lake Waco,1,31.59051667,-97.2623,7/23/2022 10:15,0651-16,7/23/2022,afdm,12.7,mg/L,0.25,flame,10:15
528,Lake Waco,1,31.59051667,-97.2623,7/23/2022 10:15,1410-98,7/23/2022,chl a,83,ugL-1,0.25,flame,10:15
529,Lake Waco,1,31.59051667,-97.2623,7/23/2022 10:15,1411-98,7/23/2022,chl a,29.3,ugL-1,0.25,flame,10:15
530,Lake Waco,1,31.59051667,-97.2623,7/23/2022 10:15,1412-98,7/23/2022,chl a,24.1,ugL-1,0.25,flame,10:15
531,Lake Waco,1,31.59051667,-97.2623,7/23/2022 10:15,0434-01,7/23/2022,tdn,0.52,mgL-1,0.25,flame,10:15
532,Lake Waco,1,31.59051667,-97.2623,7/23/2022 10:15,0440-01,7/23/2022,tdn,0.498,mgL-1,0.25,flame,10:15
533,Lake Waco,1,31.59051667,-97.2623,7/23/2022 10:15,0446-01,7/23/2022,tdn,0.52,mgL-1,0.25,flame,10:15
534,Lake Waco,1,31.59051667,-97.2623,7/23/2022 10:15,0959-14,7/23/2022,tdp,0.0248,mgL-1,0.25,flame,10:15
535,Lake Waco,1,31.59051667,-97.2623,7/23/2022 10:15,0959-14,7/23/2022,tdp,0.0239,mgL-1,0.25,flame,10:15
536,Lake Waco,1,31.59051667,-97.2623,7/23/2022 10:15,0960-14,7/23/2022,tdp,0.0212,mgL-1,0.25,flame,10:15
537,Lake Waco,1,31.59051667,-97.2623,7/23/2022 10:15,0961-14,7/23/2022,tdp,0.0211,mgL-1,0.25,flame,10:15
538,Lake Waco,1,31.59051667,-97.2623,7/23/2022 10:15,0961-14,7/23/2022,tdp,0.0369,mgL-1,0.25,flame,10:15
539,Lake Waco,1,31.59051667,-97.2623,7/23/2022 10:15,0757-02,7/23/2022,tn,0.935,mgL-1,0.25,flame,10:15
540,Lake Waco,1,31.59051667,-97.2623,7/23/2022 10:15,0760-02,7/23/2022,tn,0.836,mgL-1,0.25,flame,10:15
541,Lake Waco,1,31.59051667,-97.2623,7/23/2022 10:15,0761-02,7/23/2022,tn,0.898,mgL-1,0.25,flame,10:15
542,Lake Waco,1,31.59051667,-97.2623,7/23/2022 10:15,0757-02,7/23/2022,tp,0.0603,mgL-1,0.25,flame,10:15
543,Lake Waco,1,31.59051667,-97.2623,7/23/2022 10:15,0760-02,7/23/2022,tp,0.0538,mgL-1,0.25,flame,10:15
544,Lake Waco,1,31.59051667,-97.2623,7/23/2022 10:15,0761-02,7/23/2022,tp,0.0483,mgL-1,0.25,flame,10:15
545,Lake Waco,1,31.59051667,-97.2623,7/23/2022 10:15,0651-16,7/23/2022,tss,21.3,mg/L,0.25,flame,10:15
546,Lake Waco,1,31.59051667,-97.2623,7/23/2022 10:15,0651-16,7/23/2022,turbidity,20,NTU,0.25,flame,10:15
547,Lake Waco,2,31.52821667,-97.23906667,7/23/2022 11:35,0585-16,7/23/2022,afdm,12,mg/L,0.25,flame,11:35
548,Lake Waco,2,31.52821667,-97.23906667,7/23/2022 11:35,1413-98,7/23/2022,chl a,76,ugL-1,0.25,flame,11:35
549,Lake Waco,2,31.52821667,-97.23906667,7/23/2022 11:35,1414-98,7/23/2022,chl a,66.5,ugL-1,0.25,flame,11:35
550,Lake Waco,2,31.52821667,-97.23906667,7/23/2022 11:35,1415-98,7/23/2022,chl a,76.1,ugL-1,0.25,flame,11:35
551,Lake Waco,2,31.52821667,-97.23906667,7/23/2022 11:35,0433-01,7/23/2022,tdn,0.407,mgL-1,0.25,flame,11:35
552,Lake Waco,2,31.52821667,-97.23906667,7/23/2022 11:35,0439-01,7/23/2022,tdn,0.424,mgL-1,0.25,flame,11:35
553,Lake Waco,2,31.52821667,-97.23906667,7/23/2022 11:35,0445-01,7/23/2022,tdn,0.38,mgL-1,0.25,flame,11:35
554,Lake Waco,2,31.52821667,-97.23906667,7/23/2022 11:35,0964-14,7/23/2022,tdp,0.0208,mgL-1,0.25,flame,11:35
555,Lake Waco,2,31.52821667,-97.23906667,7/23/2022 11:35,0965-14,7/23/2022,tdp,0.0232,mgL-1,0.25,flame,11:35
556,Lake Waco,2,31.52821667,-97.23906667,7/23/2022 11:35,0966-14,7/23/2022,tdp,0.0223,mgL-1,0.25,flame,11:35
557,Lake Waco,2,31.52821667,-97.23906667,7/23/2022 11:35,0747-02,7/23/2022,tn,0.628,mgL-1,0.25,flame,11:35
558,Lake Waco,2,31.52821667,-97.23906667,7/23/2022 11:35,0748-02,7/23/2022,tn,0.776,mgL-1,0.25,flame,11:35
559,Lake Waco,2,31.52821667,-97.23906667,7/23/2022 11:35,0750-02,7/23/2022,tn,0.752,mgL-1,0.25,flame,11:35
560,Lake Waco,2,31.52821667,-97.23906667,7/23/2022 11:35,0750-02,7/23/2022,tn,0.756,mgL-1,0.25,flame,11:35
561,Lake Waco,2,31.52821667,-97.23906667,7/23/2022 11:35,0747-02,7/23/2022,tp,0.0481,mgL-1,0.25,flame,11:35
562,Lake Waco,2,31.52821667,-97.23906667,7/23/2022 11:35,0748-02,7/23/2022,tp,0.0574,mgL-1,0.25,flame,11:35
563,Lake Waco,2,31.52821667,-97.23906667,7/23/2022 11:35,0750-02,7/23/2022,tp,0.0596,mgL-1,0.25,flame,11:35
564,Lake Waco,2,31.52821667,-97.23906667,7/23/2022 11:35,0585-16,7/23/2022,tss,17.3,mg/L,0.25,flame,11:35
565,Lake Waco,2,31.52821667,-97.23906667,7/23/2022 11:35,0585-16,7/23/2022,turbidity,15.5,NTU,0.25,flame,11:35
566,Lake Waco,3,31.59436667,-97.25435,7/23/2022 12:11,0652-16,7/23/2022,afdm,12.7,mg/L,0.25,flame,12:11
567,Lake Waco,3,31.59436667,-97.25435,7/23/2022 12:11,1416-98,7/23/2022,chl a,83.5,ugL-1,0.25,flame,12:11
568,Lake Waco,3,31.59436667,-97.25435,7/23/2022 12:11,1417-98,7/23/2022,chl a,72.9,ugL-1,0.25,flame,12:11
569,Lake Waco,3,31.59436667,-97.25435,7/23/2022 12:11,1418-98,7/23/2022,chl a,36.1,ugL-1,0.25,flame,12:11
570,Lake Waco,3,31.59436667,-97.25435,7/23/2022 12:11,0432-01,7/23/2022,tdn,0.468,mgL-1,0.25,flame,12:11
571,Lake Waco,3,31.59436667,-97.25435,7/23/2022 12:11,0438-01,7/23/2022,tdn,0.496,mgL-1,0.25,flame,12:11
572,Lake Waco,3,31.59436667,-97.25435,7/23/2022 12:11,0444-01,7/23/2022,tdn,0.474,mgL-1,0.25,flame,12:11
573,Lake Waco,3,31.59436667,-97.25435,7/23/2022 12:11,0962-14,7/23/2022,tdp,0.0205,mgL-1,0.25,flame,12:11
574,Lake Waco,3,31.59436667,-97.25435,7/23/2022 12:11,0963-14,7/23/2022,tdp,0.0175,mgL-1,0.25,flame,12:11
575,Lake Waco,3,31.59436667,-97.25435,7/23/2022 12:11,0968-14,7/23/2022,tdp,0.0181,mgL-1,0.25,flame,12:11
576,Lake Waco,3,31.59436667,-97.25435,7/23/2022 12:11,0751-02,7/23/2022,tn,0.736,mgL-1,0.25,flame,12:11
577,Lake Waco,3,31.59436667,-97.25435,7/23/2022 12:11,0758-02,7/23/2022,tn,0.95,mgL-1,0.25,flame,12:11
578,Lake Waco,3,31.59436667,-97.25435,7/23/2022 12:11,0759-02,7/23/2022,tn,0.808,mgL-1,0.25,flame,12:11
579,Lake Waco,3,31.59436667,-97.25435,7/23/2022 12:11,0751-02,7/23/2022,tp,0.0468,mgL-1,0.25,flame,12:11
580,Lake Waco,3,31.59436667,-97.25435,7/23/2022 12:11,0758-02,7/23/2022,tp,0.0521,mgL-1,0.25,flame,12:11
581,Lake Waco,3,31.59436667,-97.25435,7/23/2022 12:11,0759-02,7/23/2022,tp,0.0482,mgL-1,0.25,flame,12:11
582,Lake Waco,3,31.59436667,-97.25435,7/23/2022 12:11,0652-16,7/23/2022,tss,17.3,mg/L,0.25,flame,12:11
583,Lake Waco,3,31.59436667,-97.25435,7/23/2022 12:11,0652-16,7/23/2022,turbidity,14.3,NTU,0.25,flame,12:11
584,Lake Waco,4,31.58223333,-97.2046,7/23/2022 12:38,0582-16,7/23/2022,afdm,12,mg/L,0.25,flame,12:38
585,Lake Waco,4,31.58223333,-97.2046,7/23/2022 12:38,1419-98,7/23/2022,chl a,40.1,ugL-1,0.25,flame,12:38
586,Lake Waco,4,31.58223333,-97.2046,7/23/2022 12:38,1420-98,7/23/2022,chl a,81.3,ugL-1,0.25,flame,12:38
587,Lake Waco,4,31.58223333,-97.2046,7/23/2022 12:38,1421-98,7/23/2022,chl a,67.7,ugL-1,0.25,flame,12:38
588,Lake Waco,4,31.58223333,-97.2046,7/23/2022 12:38,0431-01,7/23/2022,tdn,0.947,mgL-1,0.25,flame,12:38
589,Lake Waco,4,31.58223333,-97.2046,7/23/2022 12:38,0437-01,7/23/2022,tdn,0.785,mgL-1,0.25,flame,12:38
590,Lake Waco,4,31.58223333,-97.2046,7/23/2022 12:38,0443-01,7/23/2022,tdn,0.956,mgL-1,0.25,flame,12:38
591,Lake Waco,4,31.58223333,-97.2046,7/23/2022 12:38,0969-14,7/23/2022,tdp,0.0271,mgL-1,0.25,flame,12:38
592,Lake Waco,4,31.58223333,-97.2046,7/23/2022 12:38,0970-14,7/23/2022,tdp,0.023,mgL-1,0.25,flame,12:38
593,Lake Waco,4,31.58223333,-97.2046,7/23/2022 12:38,0970-14,7/23/2022,tdp,0.0239,mgL-1,0.25,flame,12:38
594,Lake Waco,4,31.58223333,-97.2046,7/23/2022 12:38,0974-14,7/23/2022,tdp,0.0267,mgL-1,0.25,flame,12:38
595,Lake Waco,4,31.58223333,-97.2046,7/23/2022 12:38,0753-02,7/23/2022,tn,0.785,mgL-1,0.25,flame,12:38
596,Lake Waco,4,31.58223333,-97.2046,7/23/2022 12:38,0755-02,7/23/2022,tn,0.786,mgL-1,0.25,flame,12:38
597,Lake Waco,4,31.58223333,-97.2046,7/23/2022 12:38,0756-02,7/23/2022,tn,0.607,mgL-1,0.25,flame,12:38
598,Lake Waco,4,31.58223333,-97.2046,7/23/2022 12:38,0753-02,7/23/2022,tp,0.0518,mgL-1,0.25,flame,12:38
599,Lake Waco,4,31.58223333,-97.2046,7/23/2022 12:38,0755-02,7/23/2022,tp,0.0523,mgL-1,0.25,flame,12:38
600,Lake Waco,4,31.58223333,-97.2046,7/23/2022 12:38,0756-02,7/23/2022,tp,0.0478,mgL-1,0.25,flame,12:38
601,Lake Waco,4,31.58223333,-97.2046,7/23/2022 12:38,0582-16,7/23/2022,tss,9.3,mg/L,0.25,flame,12:38
602,Lake Waco,4,31.58223333,-97.2046,7/23/2022 12:38,0582-16,7/23/2022,turbidity,6.54,NTU,0.25,flame,12:38
603,Lake Waco,5,31.56626667,-97.21616667,7/23/2022 12:52,0584-16,7/23/2022,afdm,10.7,mg/L,0.25,flame,12:52
604,Lake Waco,5,31.56626667,-97.21616667,7/23/2022 12:52,1422-98,7/23/2022,chl a,67.6,ugL-1,0.25,flame,12:52
605,Lake Waco,5,31.56626667,-97.21616667,7/23/2022 12:52,1423-98,7/23/2022,chl a,35.1,ugL-1,0.25,flame,12:52
606,Lake Waco,5,31.56626667,-97.21616667,7/23/2022 12:52,1424-98,7/23/2022,chl a,31.8,ugL-1,0.25,flame,12:52
607,Lake Waco,5,31.56626667,-97.21616667,7/23/2022 12:52,0191-12,7/23/2022,tdn,0.391,mgL-1,0.25,flame,12:52
608,Lake Waco,5,31.56626667,-97.21616667,7/23/2022 12:52,0191-12,7/23/2022,tdn,0.392,mgL-1,0.25,flame,12:52
609,Lake Waco,5,31.56626667,-97.21616667,7/23/2022 12:52,0436-01,7/23/2022,tdn,0.367,mgL-1,0.25,flame,12:52
610,Lake Waco,5,31.56626667,-97.21616667,7/23/2022 12:52,0436-01,7/23/2022,tdn,0.369,mgL-1,0.25,flame,12:52
611,Lake Waco,5,31.56626667,-97.21616667,7/23/2022 12:52,0442-01,7/23/2022,tdn,0.367,mgL-1,0.25,flame,12:52
612,Lake Waco,5,31.56626667,-97.21616667,7/23/2022 12:52,0971-14,7/23/2022,tdp,0.0226,mgL-1,0.25,flame,12:52
613,Lake Waco,5,31.56626667,-97.21616667,7/23/2022 12:52,0975-14,7/23/2022,tdp,0.0159,mgL-1,0.25,flame,12:52
614,Lake Waco,5,31.56626667,-97.21616667,7/23/2022 12:52,0976-14,7/23/2022,tdp,0.0321,mgL-1,0.25,flame,12:52
615,Lake Waco,5,31.56626667,-97.21616667,7/23/2022 12:52,0744-02,7/23/2022,tn,0.764,mgL-1,0.25,flame,12:52
616,Lake Waco,5,31.56626667,-97.21616667,7/23/2022 12:52,0744-02,7/23/2022,tn,0.764,mgL-1,0.25,flame,12:52
617,Lake Waco,5,31.56626667,-97.21616667,7/23/2022 12:52,0749-02,7/23/2022,tn,0.742,mgL-1,0.25,flame,12:52
618,Lake Waco,5,31.56626667,-97.21616667,7/23/2022 12:52,0752-02,7/23/2022,tn,0.701,mgL-1,0.25,flame,12:52
619,Lake Waco,5,31.56626667,-97.21616667,7/23/2022 12:52,0744-02,7/23/2022,tp,0.0473,mgL-1,0.25,flame,12:52
620,Lake Waco,5,31.56626667,-97.21616667,7/23/2022 12:52,0749-02,7/23/2022,tp,0.0514,mgL-1,0.25,flame,12:52
621,Lake Waco,5,31.56626667,-97.21616667,7/23/2022 12:52,0749-02,7/23/2022,tp,0.0524,mgL-1,0.25,flame,12:52
622,Lake Waco,5,31.56626667,-97.21616667,7/23/2022 12:52,0752-02,7/23/2022,tp,0.0579,mgL-1,0.25,flame,12:52
623,Lake Waco,5,31.56626667,-97.21616667,7/23/2022 12:52,0752-02,7/23/2022,tp,0.0581,mgL-1,0.25,flame,12:52
624,Lake Waco,5,31.56626667,-97.21616667,7/23/2022 12:52,0584-16,7/23/2022,tss,8,mg/L,0.25,flame,12:52
625,Lake Waco,5,31.56626667,-97.21616667,7/23/2022 12:52,0584-16,7/23/2022,turbidity,6.62,NTU,0.25,flame,12:52
626,Lake Waco,6,31.53843333,-97.22306667,7/23/2022 13:52,0583-16,7/23/2022,afdm,10,mg/L,0.25,flame,13:52
627,Lake Waco,6,31.53843333,-97.22306667,7/23/2022 13:52,1425-98,7/23/2022,chl a,63.2,ugL-1,0.25,flame,13:52
628,Lake Waco,6,31.53843333,-97.22306667,7/23/2022 13:52,1426-98,7/23/2022,chl a,31.8,ugL-1,0.25,flame,13:52
629,Lake Waco,6,31.53843333,-97.22306667,7/23/2022 13:52,1427-98,7/23/2022,chl a,48.4,ugL-1,0.25,flame,13:52
630,Lake Waco,6,31.53843333,-97.22306667,7/23/2022 13:52,0190-12,7/23/2022,tdn,0.429,mgL-1,0.25,flame,13:52
631,Lake Waco,6,31.53843333,-97.22306667,7/23/2022 13:52,0435-01,7/23/2022,tdn,0.387,mgL-1,0.25,flame,13:52
632,Lake Waco,6,31.53843333,-97.22306667,7/23/2022 13:52,0441-01,7/23/2022,tdn,0.445,mgL-1,0.25,flame,13:52
633,Lake Waco,6,31.53843333,-97.22306667,7/23/2022 13:52,0967-14,7/23/2022,tdp,0.0243,mgL-1,0.25,flame,13:52
634,Lake Waco,6,31.53843333,-97.22306667,7/23/2022 13:52,0973-14,7/23/2022,tdp,0.0271,mgL-1,0.25,flame,13:52
635,Lake Waco,6,31.53843333,-97.22306667,7/23/2022 13:52,0745-02,7/23/2022,tn,0.797,mgL-1,0.25,flame,13:52
636,Lake Waco,6,31.53843333,-97.22306667,7/23/2022 13:52,0746-02,7/23/2022,tn,0.713,mgL-1,0.25,flame,13:52
637,Lake Waco,6,31.53843333,-97.22306667,7/23/2022 13:52,0754-02,7/23/2022,tn,0.633,mgL-1,0.25,flame,13:52
638,Lake Waco,6,31.53843333,-97.22306667,7/23/2022 13:52,0745-02,7/23/2022,tp,0.0563,mgL-1,0.25,flame,13:52
639,Lake Waco,6,31.53843333,-97.22306667,7/23/2022 13:52,0746-02,7/23/2022,tp,0.0474,mgL-1,0.25,flame,13:52
640,Lake Waco,6,31.53843333,-97.22306667,7/23/2022 13:52,0754-02,7/23/2022,tp,0.0463,mgL-1,0.25,flame,13:52
641,Lake Waco,6,31.53843333,-97.22306667,7/23/2022 13:52,0583-16,7/23/2022,tss,10.7,mg/L,0.25,flame,13:52
642,Lake Waco,6,31.53843333,-97.22306667,7/23/2022 13:52,0583-16,7/23/2022,turbidity,7.86,NTU,0.25,flame,13:52
645,Lake Bonham,BON1,33.64784958,-96.16458728,7/15/2022 12:00,1440-98,7/15/2022,chl a,55.4,ugL-1,0.25,flame,12:00
646,Lake Bonham,BON1,33.64784958,-96.16458728,7/15/2022 12:00,1441-98,7/15/2022,chl a,33.8,ugL-1,0.25,flame,12:00
647,Lake Bonham,BON1,33.64784958,-96.16458728,7/15/2022 12:00,1442-98,7/15/2022,chl a,47.8,ugL-1,0.25,flame,12:00
648,Lake Bonham,BON2,33.65165,-96.136733,7/15/2022 12:32,1443-98,7/15/2022,chl a,36.2,ugL-1,0.25,flame,12:32
649,Lake Bonham,BON2,33.65165,-96.136733,7/15/2022 12:32,1444-98,7/15/2022,chl a,31.7,ugL-1,0.25,flame,12:32
650,Lake Bonham,BON2,33.65165,-96.136733,7/15/2022 12:32,1445-98,7/15/2022,chl a,38.7,ugL-1,0.25,flame,12:32
651,Lake Bonham,BON3,33.66265,-96.149,7/15/2022 12:44,1446-98,7/15/2022,chl a,45.4,ugL-1,0.25,flame,12:44
652,Lake Bonham,BON3,33.66265,-96.149,7/15/2022 12:44,1447-98,7/15/2022,chl a,40.2,ugL-1,0.25,flame,12:44
653,Lake Bonham,BON3,33.66265,-96.149,7/15/2022 12:44,1448-98,7/15/2022,chl a,39.6,ugL-1,0.25,flame,12:44
654,Lake Bonham,BON4,33.656033,-96.157833,7/15/2022 12:58,1449-98,7/15/2022,chl a,13.4,ugL-1,0.25,flame,12:58
655,Lake Bonham,BON4,33.656033,-96.157833,7/15/2022 12:58,1450-98,7/15/2022,chl a,39.2,ugL-1,0.25,flame,12:58
656,Lake Bonham,BON4,33.656033,-96.157833,7/15/2022 12:58,1451-98,7/15/2022,chl a,13.4,ugL-1,0.25,flame,12:58
657,Lake Bonham,BON5,33.653917,-96.161033,7/15/2022 13:10,1452-98,7/15/2022,chl a,26.4,ugL-1,0.25,flame,13:10
658,Lake Bonham,BON5,33.653917,-96.161033,7/15/2022 13:10,1453-98,7/15/2022,chl a,9.31,ugL-1,0.25,flame,13:10
659,Lake Bonham,BON5,33.653917,-96.161033,7/15/2022 13:10,1454-98,7/15/2022,chl a,11.4,ugL-1,0.25,flame,13:10
660,Lake Bonham,BON6,33.649117,-96.148267,7/15/2022 13:25,1455-98,7/15/2022,chl a,54.8,ugL-1,0.25,flame,13:25
661,Lake Bonham,BON6,33.649117,-96.148267,7/15/2022 13:25,1456-98,7/15/2022,chl a,17.5,ugL-1,0.25,flame,13:25
662,Lake Bonham,BON6,33.649117,-96.148267,7/15/2022 13:25,1457-98,7/15/2022,chl a,20.3,ugL-1,0.25,flame,13:25
663,Lake Bonham,BON1,33.64784958,-96.16458728,7/15/2022 12:00,0627-16,7/15/2022,afdm,11,mg/L,0.25,flame,12:00
664,Lake Bonham,BON1,33.64784958,-96.16458728,7/15/2022 12:00,0212-12,7/15/2022,nh4n,0.0411,mgL-1,0.25,flame,12:00
665,Lake Bonham,BON1,33.64784958,-96.16458728,7/15/2022 12:00,0465-01,7/15/2022,nh4n,0.0449,mgL-1,0.25,flame,12:00
666,Lake Bonham,BON1,33.64784958,-96.16458728,7/15/2022 12:00,0465-01,7/15/2022,nh4n,0.0441,mgL-1,0.25,flame,12:00
667,Lake Bonham,BON1,33.64784958,-96.16458728,7/15/2022 12:00,0466-01,7/15/2022,nh4n,0.0317,mgL-1,0.25,flame,12:00
668,Lake Bonham,BON1,33.64784958,-96.16458728,7/15/2022 12:00,0212-12,7/15/2022,no3n,0.00345,mgL-1,0.25,flame,12:00
669,Lake Bonham,BON1,33.64784958,-96.16458728,7/15/2022 12:00,0465-01,7/15/2022,no3n,0.00473,mgL-1,0.25,flame,12:00
670,Lake Bonham,BON1,33.64784958,-96.16458728,7/15/2022 12:00,0465-01,7/15/2022,no3n,0.00464,mgL-1,0.25,flame,12:00
671,Lake Bonham,BON1,33.64784958,-96.16458728,7/15/2022 12:00,0466-01,7/15/2022,no3n,0.0102,mgL-1,0.25,flame,12:00
672,Lake Bonham,BON1,33.64784958,-96.16458728,7/15/2022 12:00,0212-12,7/15/2022,srp,0.00575,mgL-1,0.25,flame,12:00
673,Lake Bonham,BON1,33.64784958,-96.16458728,7/15/2022 12:00,0465-01,7/15/2022,srp,0.00453,mgL-1,0.25,flame,12:00
674,Lake Bonham,BON1,33.64784958,-96.16458728,7/15/2022 12:00,0465-01,7/15/2022,srp,0.00482,mgL-1,0.25,flame,12:00
675,Lake Bonham,BON1,33.64784958,-96.16458728,7/15/2022 12:00,0466-01,7/15/2022,srp,0.00539,mgL-1,0.25,flame,12:00
676,Lake Bonham,BON1,33.64784958,-96.16458728,7/15/2022 12:00,0527-03,7/15/2022,tdp,0.0207,mgL-1,0.25,flame,12:00
677,Lake Bonham,BON1,33.64784958,-96.16458728,7/15/2022 12:00,0535-03,7/15/2022,tdp,0.0213,mgL-1,0.25,flame,12:00
678,Lake Bonham,BON1,33.64784958,-96.16458728,7/15/2022 12:00,0665-13,7/15/2022,tn,1.1,mgL-1,0.25,flame,12:00
679,Lake Bonham,BON1,33.64784958,-96.16458728,7/15/2022 12:00,0666-13,7/15/2022,tn,0.809,mgL-1,0.25,flame,12:00
680,Lake Bonham,BON1,33.64784958,-96.16458728,7/15/2022 12:00,0665-13,7/15/2022,tp,0.0741,mgL-1,0.25,flame,12:00
681,Lake Bonham,BON1,33.64784958,-96.16458728,7/15/2022 12:00,0665-13,7/15/2022,tp,0.0743,mgL-1,0.25,flame,12:00
682,Lake Bonham,BON1,33.64784958,-96.16458728,7/15/2022 12:00,0666-13,7/15/2022,tp,0.0667,mgL-1,0.25,flame,12:00
683,Lake Bonham,BON1,33.64784958,-96.16458728,7/15/2022 12:00,0627-16,7/15/2022,tss,10.5,mg/L,0.25,flame,12:00
684,Lake Bonham,BON1,33.64784958,-96.16458728,7/15/2022 12:00,0627-16,7/15/2022,turbidity,8.6,NTU,0.25,flame,12:00
685,Lake Bonham,BON2,33.65165,-96.136733,7/15/2022 12:32,0628-16,7/15/2022,afdm,6.47,mg/L,0.25,flame,12:32
686,Lake Bonham,BON2,33.65165,-96.136733,7/15/2022 12:32,0209-12,7/15/2022,nh4n,0.0291,mgL-1,0.25,flame,12:32
687,Lake Bonham,BON2,33.65165,-96.136733,7/15/2022 12:32,0463-01,7/15/2022,nh4n,0.0228,mgL-1,0.25,flame,12:32
688,Lake Bonham,BON2,33.65165,-96.136733,7/15/2022 12:32,0468-01,7/15/2022,nh4n,0.0162,mgL-1,0.25,flame,12:32
689,Lake Bonham,BON2,33.65165,-96.136733,7/15/2022 12:32,0209-12,7/15/2022,no3n,0.000734,mgL-1,0.25,flame,12:32
690,Lake Bonham,BON2,33.65165,-96.136733,7/15/2022 12:32,0463-01,7/15/2022,no3n,0.0119,mgL-1,0.25,flame,12:32
691,Lake Bonham,BON2,33.65165,-96.136733,7/15/2022 12:32,0468-01,7/15/2022,no3n,0.016,mgL-1,0.25,flame,12:32
692,Lake Bonham,BON2,33.65165,-96.136733,7/15/2022 12:32,0209-12,7/15/2022,srp,0.00656,mgL-1,0.25,flame,12:32
693,Lake Bonham,BON2,33.65165,-96.136733,7/15/2022 12:32,0463-01,7/15/2022,srp,0.00387,mgL-1,0.25,flame,12:32
694,Lake Bonham,BON2,33.65165,-96.136733,7/15/2022 12:32,0468-01,7/15/2022,srp,0.00521,mgL-1,0.25,flame,12:32
695,Lake Bonham,BON2,33.65165,-96.136733,7/15/2022 12:32,0279-14,7/15/2022,tdp,0.0228,mgL-1,0.25,flame,12:32
696,Lake Bonham,BON2,33.65165,-96.136733,7/15/2022 12:32,0279-14,7/15/2022,tdp,0.0224,mgL-1,0.25,flame,12:32
697,Lake Bonham,BON2,33.65165,-96.136733,7/15/2022 12:32,0532-03,7/15/2022,tdp,0.0285,mgL-1,0.25,flame,12:32
698,Lake Bonham,BON2,33.65165,-96.136733,7/15/2022 12:32,0540-03,7/15/2022,tdp,0.0297,mgL-1,0.25,flame,12:32
699,Lake Bonham,BON2,33.65165,-96.136733,7/15/2022 12:32,0669-13,7/15/2022,tn,0.944,mgL-1,0.25,flame,12:32
700,Lake Bonham,BON2,33.65165,-96.136733,7/15/2022 12:32,0670-13,7/15/2022,tn,0.79,mgL-1,0.25,flame,12:32
701,Lake Bonham,BON2,33.65165,-96.136733,7/15/2022 12:32,0670-13,7/15/2022,tn,0.789,mgL-1,0.25,flame,12:32
702,Lake Bonham,BON2,33.65165,-96.136733,7/15/2022 12:32,0669-13,7/15/2022,tp,0.0603,mgL-1,0.25,flame,12:32
703,Lake Bonham,BON2,33.65165,-96.136733,7/15/2022 12:32,0670-13,7/15/2022,tp,0.0566,mgL-1,0.25,flame,12:32
704,Lake Bonham,BON2,33.65165,-96.136733,7/15/2022 12:32,0628-16,7/15/2022,tss,6.47,mg/L,0.25,flame,12:32
705,Lake Bonham,BON2,33.65165,-96.136733,7/15/2022 12:32,0628-16,7/15/2022,turbidity,5.21,NTU,0.25,flame,12:32
706,Lake Bonham,BON3,33.66265,-96.149,7/15/2022 12:44,0629-16,7/15/2022,afdm,6.44,mg/L,0.25,flame,12:44
707,Lake Bonham,BON3,33.66265,-96.149,7/15/2022 12:44,0217-12,7/15/2022,nh4n,0.0708,mgL-1,0.25,flame,12:44
708,Lake Bonham,BON3,33.66265,-96.149,7/15/2022 12:44,0457-01,7/15/2022,nh4n,0.0257,mgL-1,0.25,flame,12:44
709,Lake Bonham,BON3,33.66265,-96.149,7/15/2022 12:44,0217-12,7/15/2022,no3n,-0.000214,mgL-1,0.25,flame,12:44
710,Lake Bonham,BON3,33.66265,-96.149,7/15/2022 12:44,0457-01,7/15/2022,no3n,0.00101,mgL-1,0.25,flame,12:44
711,Lake Bonham,BON3,33.66265,-96.149,7/15/2022 12:44,0217-12,7/15/2022,srp,0.00574,mgL-1,0.25,flame,12:44
712,Lake Bonham,BON3,33.66265,-96.149,7/15/2022 12:44,0457-01,7/15/2022,srp,0.00415,mgL-1,0.25,flame,12:44
713,Lake Bonham,BON3,33.66265,-96.149,7/15/2022 12:44,0275-14,7/15/2022,tdp,0.0218,mgL-1,0.25,flame,12:44
714,Lake Bonham,BON3,33.66265,-96.149,7/15/2022 12:44,0278-14,7/15/2022,tdp,0.0219,mgL-1,0.25,flame,12:44
715,Lake Bonham,BON3,33.66265,-96.149,7/15/2022 12:44,0278-14,7/15/2022,tdp,0.0222,mgL-1,0.25,flame,12:44
716,Lake Bonham,BON3,33.66265,-96.149,7/15/2022 12:44,0534-03,7/15/2022,tdp,0.0242,mgL-1,0.25,flame,12:44
717,Lake Bonham,BON3,33.66265,-96.149,7/15/2022 12:44,0671-13,7/15/2022,tn,0.874,mgL-1,0.25,flame,12:44
718,Lake Bonham,BON3,33.66265,-96.149,7/15/2022 12:44,0672-13,7/15/2022,tn,0.921,mgL-1,0.25,flame,12:44
719,Lake Bonham,BON3,33.66265,-96.149,7/15/2022 12:44,0671-13,7/15/2022,tp,0.05,mgL-1,0.25,flame,12:44
720,Lake Bonham,BON3,33.66265,-96.149,7/15/2022 12:44,0672-13,7/15/2022,tp,0.0474,mgL-1,0.25,flame,12:44
721,Lake Bonham,BON3,33.66265,-96.149,7/15/2022 12:44,0629-16,7/15/2022,tss,8.91,mg/L,0.25,flame,12:44
722,Lake Bonham,BON3,33.66265,-96.149,7/15/2022 12:44,0629-16,7/15/2022,turbidity,6.8,NTU,0.25,flame,12:44
723,Lake Bonham,BON4,33.656033,-96.157833,7/15/2022 12:58,0630-16,7/15/2022,afdm,4.06,mg/L,0.25,flame,12:58
724,Lake Bonham,BON4,33.656033,-96.157833,7/15/2022 12:58,0210-12,7/15/2022,nh4n,0.0583,mgL-1,0.25,flame,12:58
725,Lake Bonham,BON4,33.656033,-96.157833,7/15/2022 12:58,0458-01,7/15/2022,nh4n,0.0608,mgL-1,0.25,flame,12:58
726,Lake Bonham,BON4,33.656033,-96.157833,7/15/2022 12:58,0464-01,7/15/2022,nh4n,0.0537,mgL-1,0.25,flame,12:58
727,Lake Bonham,BON4,33.656033,-96.157833,7/15/2022 12:58,0210-12,7/15/2022,no3n,0.002,mgL-1,0.25,flame,12:58
728,Lake Bonham,BON4,33.656033,-96.157833,7/15/2022 12:58,0458-01,7/15/2022,no3n,0.00363,mgL-1,0.25,flame,12:58
729,Lake Bonham,BON4,33.656033,-96.157833,7/15/2022 12:58,0464-01,7/15/2022,no3n,0.0063,mgL-1,0.25,flame,12:58
730,Lake Bonham,BON4,33.656033,-96.157833,7/15/2022 12:58,0210-12,7/15/2022,srp,0.00315,mgL-1,0.25,flame,12:58
731,Lake Bonham,BON4,33.656033,-96.157833,7/15/2022 12:58,0458-01,7/15/2022,srp,0.00241,mgL-1,0.25,flame,12:58
732,Lake Bonham,BON4,33.656033,-96.157833,7/15/2022 12:58,0464-01,7/15/2022,srp,0.0034,mgL-1,0.25,flame,12:58
733,Lake Bonham,BON4,33.656033,-96.157833,7/15/2022 12:58,0530-03,7/15/2022,tdp,0.0253,mgL-1,0.25,flame,12:58
734,Lake Bonham,BON4,33.656033,-96.157833,7/15/2022 12:58,0531-03,7/15/2022,tdp,0.0208,mgL-1,0.25,flame,12:58
735,Lake Bonham,BON4,33.656033,-96.157833,7/15/2022 12:58,0675-13,7/15/2022,tn,0.65,mgL-1,0.25,flame,12:58
736,Lake Bonham,BON4,33.656033,-96.157833,7/15/2022 12:58,0695-13,7/15/2022,tn,0.792,mgL-1,0.25,flame,12:58
737,Lake Bonham,BON4,33.656033,-96.157833,7/15/2022 12:58,0675-13,7/15/2022,tp,0.0511,mgL-1,0.25,flame,12:58
738,Lake Bonham,BON4,33.656033,-96.157833,7/15/2022 12:58,0695-13,7/15/2022,tp,0.0519,mgL-1,0.25,flame,12:58
739,Lake Bonham,BON4,33.656033,-96.157833,7/15/2022 12:58,0630-16,7/15/2022,tss,7.61,mg/L,0.25,flame,12:58
740,Lake Bonham,BON4,33.656033,-96.157833,7/15/2022 12:58,0630-16,7/15/2022,turbidity,6.15,NTU,0.25,flame,12:58
741,Lake Bonham,BON5,33.653917,-96.161033,7/15/2022 13:10,0631-16,7/15/2022,afdm,6.03,mg/L,0.25,flame,13:10
742,Lake Bonham,BON5,33.653917,-96.161033,7/15/2022 13:10,0215-12,7/15/2022,nh4n,0.0575,mgL-1,0.25,flame,13:10
743,Lake Bonham,BON5,33.653917,-96.161033,7/15/2022 13:10,0216-12,7/15/2022,nh4n,0.0584,mgL-1,0.25,flame,13:10
744,Lake Bonham,BON5,33.653917,-96.161033,7/15/2022 13:10,0462-01,7/15/2022,nh4n,0.0405,mgL-1,0.25,flame,13:10
745,Lake Bonham,BON5,33.653917,-96.161033,7/15/2022 13:10,0462-01,7/15/2022,nh4n,0.0401,mgL-1,0.25,flame,13:10
746,Lake Bonham,BON5,33.653917,-96.161033,7/15/2022 13:10,0215-12,7/15/2022,no3n,0.00518,mgL-1,0.25,flame,13:10
747,Lake Bonham,BON5,33.653917,-96.161033,7/15/2022 13:10,0216-12,7/15/2022,no3n,0.0035,mgL-1,0.25,flame,13:10
748,Lake Bonham,BON5,33.653917,-96.161033,7/15/2022 13:10,0462-01,7/15/2022,no3n,0.00317,mgL-1,0.25,flame,13:10
749,Lake Bonham,BON5,33.653917,-96.161033,7/15/2022 13:10,0462-01,7/15/2022,no3n,0.00329,mgL-1,0.25,flame,13:10
750,Lake Bonham,BON5,33.653917,-96.161033,7/15/2022 13:10,0215-12,7/15/2022,srp,0.00444,mgL-1,0.25,flame,13:10
751,Lake Bonham,BON5,33.653917,-96.161033,7/15/2022 13:10,0216-12,7/15/2022,srp,0.00397,mgL-1,0.25,flame,13:10
752,Lake Bonham,BON5,33.653917,-96.161033,7/15/2022 13:10,0462-01,7/15/2022,srp,0.00361,mgL-1,0.25,flame,13:10
753,Lake Bonham,BON5,33.653917,-96.161033,7/15/2022 13:10,0462-01,7/15/2022,srp,0.00338,mgL-1,0.25,flame,13:10
754,Lake Bonham,BON5,33.653917,-96.161033,7/15/2022 13:10,0521-03,7/15/2022,tdp,0.0224,mgL-1,0.25,flame,13:10
755,Lake Bonham,BON5,33.653917,-96.161033,7/15/2022 13:10,0541-03,7/15/2022,tdp,0.0283,mgL-1,0.25,flame,13:10
756,Lake Bonham,BON5,33.653917,-96.161033,7/15/2022 13:10,0678-13,7/15/2022,tn,0.792,mgL-1,0.25,flame,13:10
757,Lake Bonham,BON5,33.653917,-96.161033,7/15/2022 13:10,0679-13,7/15/2022,tn,0.833,mgL-1,0.25,flame,13:10
758,Lake Bonham,BON5,33.653917,-96.161033,7/15/2022 13:10,0678-13,7/15/2022,tp,0.05,mgL-1,0.25,flame,13:10
759,Lake Bonham,BON5,33.653917,-96.161033,7/15/2022 13:10,0679-13,7/15/2022,tp,0.0554,mgL-1,0.25,flame,13:10
760,Lake Bonham,BON5,33.653917,-96.161033,7/15/2022 13:10,0631-16,7/15/2022,tss,8.04,mg/L,0.25,flame,13:10
761,Lake Bonham,BON5,33.653917,-96.161033,7/15/2022 13:10,0631-16,7/15/2022,turbidity,6.5,NTU,0.25,flame,13:10
762,Lake Bonham,BON6,33.649117,-96.148267,7/15/2022 13:25,0632-16,7/15/2022,afdm,8.46,mg/L,0.25,flame,13:25
763,Lake Bonham,BON6,33.649117,-96.148267,7/15/2022 13:25,0460-01,7/15/2022,nh4n,0.0467,mgL-1,0.25,flame,13:25
764,Lake Bonham,BON6,33.649117,-96.148267,7/15/2022 13:25,0461-01,7/15/2022,nh4n,0.0414,mgL-1,0.25,flame,13:25
765,Lake Bonham,BON6,33.649117,-96.148267,7/15/2022 13:25,0460-01,7/15/2022,no3n,0.00152,mgL-1,0.25,flame,13:25
766,Lake Bonham,BON6,33.649117,-96.148267,7/15/2022 13:25,0461-01,7/15/2022,no3n,0.00706,mgL-1,0.25,flame,13:25
767,Lake Bonham,BON6,33.649117,-96.148267,7/15/2022 13:25,0460-01,7/15/2022,srp,0.00351,mgL-1,0.25,flame,13:25
768,Lake Bonham,BON6,33.649117,-96.148267,7/15/2022 13:25,0461-01,7/15/2022,srp,0.00337,mgL-1,0.25,flame,13:25
769,Lake Bonham,BON6,33.649117,-96.148267,7/15/2022 13:25,0276-14,7/15/2022,tdp,0.0265,mgL-1,0.25,flame,13:25
770,Lake Bonham,BON6,33.649117,-96.148267,7/15/2022 13:25,0276-14,7/15/2022,tdp,0.0273,mgL-1,0.25,flame,13:25
771,Lake Bonham,BON6,33.649117,-96.148267,7/15/2022 13:25,0536-03,7/15/2022,tdp,0.0343,mgL-1,0.25,flame,13:25
772,Lake Bonham,BON6,33.649117,-96.148267,7/15/2022 13:25,0539-03,7/15/2022,tdp,0.0308,mgL-1,0.25,flame,13:25
773,Lake Bonham,BON6,33.649117,-96.148267,7/15/2022 13:25,0680-13,7/15/2022,tn,0.684,mgL-1,0.25,flame,13:25
774,Lake Bonham,BON6,33.649117,-96.148267,7/15/2022 13:25,0681-13,7/15/2022,tn,0.688,mgL-1,0.25,flame,13:25
775,Lake Bonham,BON6,33.649117,-96.148267,7/15/2022 13:25,0680-13,7/15/2022,tp,0.0519,mgL-1,0.25,flame,13:25
776,Lake Bonham,BON6,33.649117,-96.148267,7/15/2022 13:25,0681-13,7/15/2022,tp,0.0546,mgL-1,0.25,flame,13:25
777,Lake Bonham,BON6,33.649117,-96.148267,7/15/2022 13:25,0632-16,7/15/2022,tss,6.97,mg/L,0.25,flame,13:25
778,Lake Bonham,BON6,33.649117,-96.148267,7/15/2022 13:25,0632-16,7/15/2022,turbidity,5.17,NTU,0.25,flame,13:25
