,site_id,nars_name,state,lat,lon,date,secchi (m),turb (ntu),area_ha,group,visit_no
1,NLA17_GA-10023,"Acworth, Lake",GA,34.0568,-84.6806,8/22/2017,1.23,4.65,119.963,all,1
2,NLA12_GA-104,Allatoona Lake,GA,34.1378,-84.6485,7/25/2012,2.32,1.46,3511.42,all,1
3,NLA17_GA-10004,Allatoona Lake,GA,34.1378,-84.6484,8/23/2017,2.52,1.49,3511.42,all,1
4,NLA12_CA-R01,Alpine Lake,CA,37.9491,-122.627,7/20/2012,4.85,0.66,99.6608,all,1
5,NLA17_NV-10225,Angel Lake,NV,41.0265,-115.087,6/21/2017,4.9,0.94,4.82613,all,1
6,NLA12_MS-107,Arkabutla Lake,MS,34.7222,-90.0742,6/4/2012,0.225,33.8,3907.84,all,1
7,NLA17_MS-10002,Arkabutla Lake,MS,34.7222,-90.0742,7/26/2017,0.875,6.63,3907.84,all,1
8,NLA12_MO-108,Arrow Head Lake,MO,36.6598,-91.8828,7/5/2012,2.86,1.02,21.2724,all,1
9,NLA17_MO-10006,Arrow Head Lake,MO,36.6598,-91.8828,7/13/2017,0.555,1.89,21.2724,all,1
10,NLA12_AZ-103,Ashurst Lake,AZ,35.0236,-111.401,8/9/2012,0.55,26.1,81.4525,all,1
11,NLA17_AZ-10002,Ashurst Lake,AZ,35.0197,-111.403,9/13/2017,0.95,8.34,81.4525,all,1
12,NLA12_NC-109,Atagahi Lake,NC,35.1483,-82.7166,6/4/2012,3.5,0.81,33.8571,all,1
13,NLA17_NC-10004,Atagahi Lake,NC,35.1481,-82.7168,6/29/2017,2.7,1.19,33.8571,all,1
14,NLA12_WA-151,Baker Lake,WA,48.6879,-121.668,9/18/2012,6.48,0.42,1941.75,all,1
15,NLA17_WA-10038,Baker Lake,WA,48.7256,-121.643,8/22/2017,3.5,1.56,1941.75,all,1
16,NLA12_SC-108,Bakers Lake,SC,33.5749,-81.8851,5/28/2012,1.05,2.8,6.75105,all,1
17,NLA17_SC-10004,Bakers Lake,SC,33.5737,-81.8841,7/28/2017,1.35,3.81,6.75105,all,1
18,NLA12_AZ-130,Bartlett Reservoir,AZ,33.8453,-111.619,5/10/2012,1.85,3.03,622.699,all,1
19,NLA17_AZ-10090,Bear Canyon Lake,AZ,34.4044,-111.002,9/26/2017,3.05,1.67,22.1499,all,1
20,NLA12_NJ-105,Bearfort Waters,NJ,41.1426,-74.4094,9/13/2012,1.4,0.81,11.999,all,1
21,NLA12_OH-112,Beaver Creek Upground Reservoir,OH,41.2382,-83.0204,9/6/2012,1.66,2.58,46.6217,all,1
22,NLA17_OH-10007,Beaver Creek Upground Reservoir,OH,41.2382,-83.0204,7/13/2017,2.05,3.83,46.6217,all,1
23,NLA12_VA-101,Beaver Pond,VA,37.2924,-77.8935,7/10/2012,0.665,4.59,28.8381,all,1
24,NLA17_VA-10001,Beaver Pond,VA,37.2924,-77.8935,6/19/2017,0.725,10.6,28.8381,all,1
25,NLA12_SD-132,Bedners Dam,SD,45.0771,-101.643,7/26/2012,0.83,3.75,22.2308,all,1
26,NLA17_SD-10019,Bedners Dam,SD,45.077,-101.643,7/26/2017,0.975,4.33,22.2308,all,1
27,NLA12_KS-106,Bee Creek Lake,KS,37.1933,-95.989,6/26/2012,0.83,6.57,13.4819,all,1
28,NLA17_KS-10002,Bee Creek Lake,KS,37.1925,-95.9867,6/19/2017,0.325,17.9,13.4818,all,1
29,NLA12_NM-134,Beeline Reservoir,NM,36.7989,-108.104,6/7/2012,3.2,1.64,86.1871,all,1
30,NLA12_RI-102,Belleville Pond,RI,41.5634,-71.4806,7/2/2012,1.1,1.5,63.7955,all,1
31,NLA12_OH-103,Belmont Lake,OH,40.04,-81.0139,7/2/2012,2.03,2.09,43.043,all,1
32,NLA12_PA-106,Beltzville Dam,PA,40.8616,-75.6119,7/31/2012,4.15,1.27,448.96,all,1
33,NLA17_PA-10003,Beltzville Dam,PA,40.8616,-75.6119,6/29/2017,4.28,1.18,448.96,all,1
34,NLA12_MA-111,Besse Bog Reservoir,MA,41.8125,-70.6382,9/9/2012,3.25,0.51,10.8437,all,1
35,NLA12_CO-102,Big Battlement Lake,CO,38.9972,-108.051,6/26/2012,7.09,0.27,14.9846,all,1
36,NLA17_CO-10006,Big Battlement Lake,CO,38.9972,-108.051,7/23/2017,9.5,0.91,14.9846,all,1
37,NLA12_IL-118,Big Bear Lake,IL,42.2436,-87.9628,7/17/2012,0.365,11.4,20.7283,all,1
38,NLA12_WY-102,Big Horn Lake (Yellowtail Reservoir),MT,45.2637,-108.042,7/24/2012,1.5,3.45,5253.91,all,1
39,NLA12_NE-158,Big Indian Creek Reservoir 14-B,NE,40.1691,-96.8307,8/30/2012,0.09,146,38.5915,all,1
40,NLA12_WY-105,Big Sandy Reservoir,WY,42.2714,-109.435,7/9/2012,2.5,4.87,868.214,all,1
41,NLA17_WY-10020,Big Sandy Reservoir,WY,42.2714,-109.435,8/27/2017,0.55,18.6,868.214,all,1
42,NLA12_NV-101,Big Spring Reservoir,NV,41.929,-119.179,6/6/2012,0.19,58.7,100.327,all,1
43,NLA12_MN-119,Big Stone Lake,MN,45.4086,-96.6258,8/7/2012,1.6,2.44,4821.59,all,1
44,NLA12_NV-119,Bilk Creek Reservoir,NV,41.6333,-118.389,7/10/2012,1.4,1.01,15.3859,all,1
45,NLA17_VA-10020,Birchin Lake,VA,37.0391,-77.906,7/6/2017,1.68,2.66,18.0129,all,1
46,NLA12_CT-101,Bissonnette Pond,CT,41.924,-72.2196,6/20/2012,1.92,1.45,19.4602,all,1
47,NLA17_CT-10001,Bissonnette Pond,CT,41.9242,-72.219,6/22/2017,2.09,1.87,19.4602,all,1
48,NLA17_LA-10303,Black Bayou Lake,LA,32.589,-92.0403,8/15/2017,1.1,3.78,658.825,all,1
49,NLA12_ID-207,Blue Lake,ID,48.2782,-116.831,7/12/2012,1.98,3,27.0535,all,1
50,NLA12_GA-105,Blue Ridge Lake,GA,34.7979,-84.2552,7/9/2012,3.24,1.4,1341.26,all,1
51,NLA12_OK-109,Bluestem Lake,OK,36.7054,-96.4191,6/20/2012,0.475,20.3,325.372,all,1
52,NLA17_OK-10004,Bluestem Lake,OK,36.7054,-96.4191,7/19/2017,0.6,12.6,325.372,all,1
53,NLA12_CA-R02,Boca Reservoir,CA,39.406,-120.097,7/23/2012,3.5,1.33,385.896,all,1
54,NLA12_CO-111,Boulder Reservoir,CO,40.0798,-105.217,9/11/2012,0.76,7.92,217.488,all,1
55,NLA17_CO-10002,Boulder Reservoir,CO,40.0784,-105.222,7/26/2017,1.85,3.9,217.488,all,1
56,NLA12_NM-138,Bowl Lake,NM,35.9808,-108.932,6/8/2012,2.5,2.18,15.3952,all,1
57,NLA17_NM-10005,Bowl Lake,NM,35.9808,-108.932,6/26/2017,1,7.98,15.3952,all,1
58,NLA12_MI-114,Brighton Lake,MI,42.5165,-83.7968,7/6/2012,2.3,2.09,63.7846,all,1
59,NLA12_TX-182,Brown Mullin Watershed Reservoir Number Two,TX,31.5875,-98.6225,7/19/2012,1.95,1.53,27.7556,all,1
60,NLA17_TX-10016,Brown Mullin Watershed Reservoir Number Two,TX,31.5863,-98.6243,8/15/2017,1.4,3.35,27.7556,all,1
61,NLA12_UT-412,Browne Lake,UT,40.8638,-109.812,9/25/2012,1.55,2.45,18.0998,all,1
62,NLA17_CA-10089,Buckhorn Reservoir,CA,40.8525,-120.087,8/16/2017,2.8,2.03,41.4611,all,1
63,NLA17_NE-10068,Buckley Creek Reservoir 4-B,NE,40.108,-97.2903,9/20/2017,0.015,720,7.82955,all,1
64,NLA12_MA-103,Buckley Dunton Lake,MA,42.313,-73.1371,9/17/2012,1.85,1.04,58.4635,all,1
65,NLA17_MA-10003,Buckley Dunton Lake,MA,42.3129,-73.1371,8/2/2017,1.55,1.54,58.4635,all,1
66,NLA12_TN-103,Burgess Falls Lake,TN,36.0444,-85.5863,9/17/2012,0.405,3.63,30.2183,all,1
67,NLA17_TN-10002,Burgess Falls Lake,TN,36.0425,-85.5897,6/6/2017,0.6,25.9,30.2183,all,1
68,NLA12_CO-R04,Button Rock Reservoir,CO,40.2166,-105.373,8/8/2012,5.75,0.65,79.3962,all,1
69,NLA12_OH-106,Caldwell Lake,OH,39.776,-81.5225,8/27/2012,1.45,2.24,24.2493,all,1
70,NLA12_KY-101,Cannon Creek Lake,KY,36.6791,-83.7118,5/24/2012,3.15,1.38,90.5571,all,1
71,NLA17_KY-10001,Cannon Creek Lake,KY,36.6817,-83.705,6/6/2017,2.45,2.57,90.5571,all,1
72,NLA12_OK-106,Canton Lake,OK,36.1147,-98.5989,7/9/2012,0.425,27.4,3254.79,all,1
73,NLA17_OK-10007,Canton Lake,OK,36.1147,-98.5989,6/19/2017,0.7,11.2,3254.79,all,1
74,NLA12_WA-114,Capitol Lake,WA,47.0334,-122.908,8/30/2012,2.42,1.45,109.404,all,1
75,NLA12_TX-101,Caruth Lake,TX,32.9444,-96.4538,6/21/2012,0.175,51.7,13.8396,all,1
76,NLA17_TX-10001,Caruth Lake,TX,32.9444,-96.4538,6/6/2017,0.3,41.3,13.8396,all,1
77,NLA17_CA-10068,Cascade Lakes,CA,39.3006,-120.438,9/13/2017,7.9,1.1,12.7696,all,1
78,NLA12_NE-110,Cedar Creek Reservoir 9-A,NE,40.3281,-96.532,7/24/2012,0.15,52.2,32.0841,all,1
79,NLA12_VA-119,Cheatham Pond,VA,37.2964,-76.6132,7/31/2012,0.29,27,44.4618,all,1
80,NLA17_VA-10019,Chub Lake,VA,36.9197,-76.1383,8/2/2017,0.325,11.9,11.1456,all,1
81,NLA12_LA-172,City Park Lake,LA,30.4228,-91.165,6/29/2012,0.45,36.7,17.3947,all,1
82,NLA17_LA-10007,City Park Lake,LA,30.4245,-91.1667,6/8/2017,0.375,28.4,17.3947,all,1
83,NLA12_KS-102,Clark County State Lake,KS,37.3909,-99.7848,6/12/2012,0.91,4.15,127.301,all,1
84,NLA12_KS-108,Clear Creek Lake,KS,39.6384,-95.4568,6/4/2012,0.185,37.6,26.8645,all,1
85,NLA17_OH-10038,Clendening Lake,OH,40.2438,-81.2218,6/27/2017,0.55,6.43,669.191,all,1
86,NLA12_AZ-140,Cluff Reservoir Number Three,AZ,32.8057,-109.863,7/19/2012,0.85,4.84,5.89728,all,1
87,NLA17_WY-10018,Coe Enlargement Reservoir,WY,44.2817,-109.11,8/18/2017,3,2.07,16.2254,all,1
88,NLA12_TX-R08,Coffee Mill Lake,TX,33.7323,-95.9947,9/12/2012,0.4,8.79,263.021,all,1
89,NLA12_CT-115,Columbia Lake,CT,41.7119,-72.329,6/26/2012,4.19,1.02,111.712,all,1
90,NLA12_DE-103,Concord Pond,DE,38.6427,-75.551,8/15/2012,1.38,2.61,27.276,all,1
91,NLA17_DE-10002,Concord Pond,DE,38.6442,-75.5475,7/18/2017,0.64,15.6,27.276,all,1
92,NLA12_NE-170,Conestoga Lake,NE,40.7651,-96.8541,8/27/2012,0.145,56.1,88.2417,all,1
93,NLA17_VA-10014,Cool Spring Lake,VA,38.2992,-77.6535,6/28/2017,0.565,11,25.3072,all,1
94,NLA17_KY-10027,Corinth Lake,KY,38.4987,-84.5809,6/21/2017,0.75,7.17,40.0961,all,1
95,NLA12_LA-105,Cotile Lake,LA,31.3165,-92.7371,6/18/2012,1.15,5.21,652.32,all,1
96,NLA17_LA-10002,Cotile Lake,LA,31.3165,-92.7371,6/28/2017,1.38,4.06,652.32,all,1
97,NLA12_MT-160,Cottonwood Reservoir,MT,46.0406,-110.692,7/26/2012,1.45,1,96.6657,all,1
98,NLA17_MT-10013,Cottonwood Reservoir,MT,46.039,-110.692,7/19/2017,1.95,3.22,96.6657,all,1
99,NLA12_MO-R01,Council Bluff Lake,MO,37.7273,-90.9226,7/11/2012,4.9,0.68,124.366,all,1
100,NLA12_DE-102,Coursey Pond,DE,38.9886,-75.5212,6/27/2012,0.325,22.4,23.0487,all,1
101,NLA12_KS-R07,Cowley County State Lake,KS,37.1022,-96.7958,6/14/2012,0.7,4.27,28.5582,all,1
102,NLA12_SC-102,Crane Pond,SC,33.0361,-79.9841,8/14/2012,0.45,1.47,14.7069,all,1
103,NLA12_MT-103,Creedman Reservoir,MT,48.9661,-109.76,8/29/2012,1.27,2.35,54.8841,all,1
104,NLA17_WA-10050,Crescent Bay,WA,47.9379,-118.989,7/18/2017,3.9,1,31.0487,all,1
105,NLA12_LA-152,Crooked Creek Reservoir,LA,30.832,-92.4822,6/19/2012,0.55,5.23,149.791,all,1
106,NLA17_LA-10006,Crooked Creek Reservoir,LA,30.8341,-92.4765,7/12/2017,0.225,41.6,149.791,all,1
107,NLA12_UT-109,Crouse Reservoir,UT,40.7238,-109.184,6/12/2012,1.35,4.14,43.2853,all,1
108,NLA17_UT-10003,Crouse Reservoir,UT,40.7248,-109.184,6/14/2017,1.15,26.4,43.2853,all,1
109,NLA17_VA-10036,Crystal Lake,VA,39.1861,-78.3402,6/26/2017,2.96,1.74,5.61623,all,1
110,NLA17_TN-10006,Cummings Lake,TN,35.0056,-85.5888,8/11/2017,2.05,2.97,2872.12,all,1
111,NLA12_OK-121,Cushing Lake,OK,35.9929,-96.8737,6/11/2012,0.195,68.2,177.657,all,1
112,NLA17_OK-10010,Cushing Lake,OK,35.9929,-96.8737,7/18/2017,0.205,52.6,177.657,all,1
113,NLA17_NM-10024,Cutter Reservoir,NM,36.6885,-107.685,7/14/2017,4.4,1.43,29.8576,all,1
114,NLA12_NV-103,Dacey Reservoir,NV,38.3982,-115.117,6/19/2012,2,1.16,72.2842,all,1
115,NLA17_CT-10006,Deep Lake,CT,41.9511,-73.4663,7/25/2017,4.22,0.78,2.23101,all,1
116,NLA12_UT-218,Deer Creek Reservoir,UT,40.4581,-111.481,8/10/2012,5.25,0.76,1023.72,all,1
117,NLA12_OH-101,Delaware Lake,OH,40.3672,-83.0595,8/16/2012,0.355,12.1,391.629,all,1
118,NLA17_OH-10001,Delaware Lake,OH,40.3672,-83.0595,6/14/2017,0.55,16.8,391.629,all,1
119,NLA12_UT-125,Duck Fork Reservoir,UT,39.1695,-111.451,7/4/2012,5.78,0.68,18.8433,all,1
120,NLA17_MS-10017,Dunavant Lake,MS,34.0052,-89.764,8/21/2017,2.88,1.55,23.6772,all,1
121,NLA12_IN-163,Eagle Creek Reservoir,IN,39.8384,-86.3045,8/17/2012,0.75,5.22,473.533,all,1
122,NLA17_IN-10012,Eagle Creek Reservoir,IN,39.8384,-86.3045,8/9/2017,1.05,4.4,473.533,all,1
123,NLA12_UT-325,East Canyon Reservoir,UT,40.9061,-111.591,9/5/2012,4.08,1.13,266.056,all,1
124,NLA17_UT-10008,East Canyon Reservoir,UT,40.9061,-111.591,6/15/2017,4.45,1.17,266.056,all,1
125,NLA17_MO-10036,East Fork Big Creek Watershed Lake A-4,MO,40.4848,-93.9513,8/16/2017,0.175,90.8,12.8872,all,1
126,NLA12_MT-124,East Fork Reservoir,MT,46.1182,-113.375,8/6/2012,8.19,0.29,152.335,all,1
127,NLA17_MT-10014,East Fork Reservoir,MT,46.1182,-113.375,7/20/2017,9.1,0.44,152.335,all,1
128,NLA17_IA-10028,East Lake,IA,41.0337,-93.7427,6/26/2017,0.75,17.2,4.30569,all,1
129,NLA12_NV-102,Echo Canyon Reservoir,NV,37.9082,-114.267,6/20/2012,1.23,1.75,23.5003,all,1
130,NLA12_IN-162,Echo Lake,IN,39.0857,-86.059,9/6/2012,0.925,5.38,5.57468,all,1
131,NLA12_UT-105,Echo Reservoir,UT,40.9425,-111.405,6/19/2012,5.55,0.85,536.641,all,1
132,NLA17_TN-10001,Elaine Lake,TN,35.3714,-86.3815,6/8/2017,0.65,15.2,12.4238,all,1
133,NLA17_OR-10004,Emigrant Lake,OR,42.1502,-122.615,8/2/2017,2.3,2.2,256.495,all,1
134,NLA17_NC-10033,Emily Babcock Lake,NC,35.7894,-78.5503,6/16/2017,0.4,14.4,2.24746,all,1
135,NLA12_AL-105,Emmit Wood Lake,AL,31.6215,-88.3537,5/23/2012,0.425,21.4,32.5615,all,1
136,NLA17_AL-10004,Emmit Wood Lake,AL,31.6207,-88.3512,7/14/2017,1.6,2.23,32.5615,all,1
137,NLA12_NE-104,Ericson Reservoir,NE,41.7643,-98.6598,7/23/2012,0.33,15.2,50.5622,all,1
138,NLA17_NE-10003,Ericson Reservoir,NE,41.7643,-98.6598,7/25/2017,0.45,9.96,50.5622,all,1
139,NLA12_TX-R02,Ester Lake,TX,31.1137,-94.143,6/13/2012,2.01,1.82,45650.7,all,1
140,NLA17_SC-10027,Eureka Lake,SC,34.638,-79.8998,7/13/2017,0.95,2.89,89.4445,all,1
141,NLA17_MT-10007,Eureka Reservoir,MT,47.8814,-112.316,7/24/2017,4.35,2.08,148.274,all,1
142,NLA17_WV-10015,Fairfax Pond,WV,39.4928,-79.7942,8/23/2017,0.9,4.03,8.92486,all,1
143,NLA12_TX-121,Fairfield Lake,TX,31.7873,-96.0645,6/13/2012,0.78,3.45,852.49,all,1
144,NLA17_IN-10085,Ferdinand State Forest Lake,IN,38.2552,-86.7764,8/10/2017,1.2,5.38,14.1659,all,1
145,NLA12_AR-101,Ferguson Lake,AR,34.5344,-92.2688,7/23/2012,0.55,6.97,105.785,all,1
146,NLA17_AR-10001,Ferguson Lake,AR,34.5394,-92.2738,6/7/2017,0.775,4.08,105.785,all,1
147,NLA12_UT-260,Ferron Reservoir,UT,39.1424,-111.453,7/5/2012,3.05,1.18,27.8564,all,1
148,NLA12_CO-127,Firestone Lake,CO,40.1217,-104.946,9/6/2012,2.08,3.93,24.7159,all,1
149,NLA12_RI-108,Flat River Reservoir,RI,41.7095,-71.6339,7/18/2012,2.14,0.96,251.674,all,1
150,NLA17_CA-10008,Folsom Lake,CA,38.7282,-121.131,7/5/2017,5.35,1.43,4477.61,all,1
151,NLA12_WY-147,Fontenelle Reservoir,WY,42.0494,-110.081,9/17/2012,3.98,0.76,2762.17,all,1
152,NLA12_MI-111,Ford Lake,MI,42.2159,-83.5844,7/5/2012,1.25,2.49,384.912,all,1
153,NLA12_WI-132,Forestville Flowage,WI,44.6985,-87.4999,9/6/2012,0.3,23.1,35.5196,all,1
154,NLA12_OK-102,Fort Cobb Reservoir,OK,35.1967,-98.483,9/4/2012,0.47,10.4,1546.24,all,1
155,NLA12_MT-161,Fort Peck Trout Pond,MT,48.0549,-106.442,9/5/2012,0.94,5.95,21.4492,all,1
156,NLA17_MT-10036,Fort Peck Trout Pond,MT,48.0551,-106.442,6/25/2017,2.15,3.21,21.4492,all,1
157,NLA17_FL-10029,Four Prong Lake,FL,30.3826,-86.4066,6/29/2017,3.18,0.87,10.456,all,1
158,NLA12_OK-311,Fourche Maline Creek Site 4 Reservoir,OK,34.9767,-95.3476,9/11/2012,1.25,3.94,12.5456,all,1
159,NLA17_OK-10045,Fourche Maline Creek Site 4 Reservoir,OK,34.9767,-95.3476,9/7/2017,0.85,6.9,12.5456,all,1
160,NLA17_TX-10112,Fowlkes Ranch Lake,TX,29.6866,-103.846,9/26/2017,1.3,3.92,6.93741,all,1
161,NLA17_NE-10072,Freese Reservoir,NE,40.3155,-96.9964,9/20/2017,0.325,51.6,4.39003,all,1
162,NLA17_CA-10002,French Meadows Reservoir,CA,39.1133,-120.439,7/18/2017,9.3,0.81,574.725,all,1
163,NLA12_VA-R01,Gatewood Reservoir,VA,37.0434,-80.8676,6/26/2012,5.18,0.51,73.7034,all,1
164,NLA12_AL-102,George Lake,AL,34.2278,-86.8434,7/17/2012,0.675,3.8,72.9504,all,1
165,NLA17_MT-10059,Government Field Reservoir,MT,48.0844,-108.384,7/10/2017,0.275,46.4,14.179,all,1
166,NLA17_OK-10087,Grassy Lake,OK,34.1716,-96.0691,8/29/2017,0.2,52.3,2.79383,all,1
167,NLA12_MT-107,Green Lake,MT,48.2431,-112.867,7/9/2012,1.2,3.72,39.8409,all,1
168,NLA17_IL-10012,Green Oaks Lake,IL,40.9777,-90.0915,8/8/2017,1.42,2.96,12.5126,all,1
169,NLA12_KY-103,Greenbo Lake,KY,38.4863,-82.8726,5/25/2012,2.55,1.02,70.4561,all,1
170,NLA17_KY-10002,Greenbo Lake,KY,38.4863,-82.8726,7/25/2017,5.95,0.92,70.4561,all,1
171,NLA12_NC-116,Greensboro Country Park Lake Five B,NC,36.1293,-79.8369,6/6/2012,0.7,6.9,2.48566,all,1
172,NLA12_NJ-119,Greenwood Pond,NJ,41.0562,-74.4822,7/11/2012,2.4,1.53,2.84642,all,1
173,NLA17_NV-10006,Groves Lake,NV,39.241,-117.166,6/5/2017,1.95,2.51,5.80479,all,1
174,NLA12_KY-122,Guist Creek Lake,KY,38.2071,-85.1406,6/3/2012,0.65,5.7,156.26,all,1
175,NLA12_UT-173,Gunlock Reservoir,UT,37.2525,-113.778,6/27/2012,2.41,1.7,100.964,all,1
176,NLA12_TX-136,H and H Conditioning Tank,TX,32.4928,-100.578,7/15/2012,0.35,8.61,12.0798,all,1
177,NLA12_MT-177,Halfpint Reservoir,MT,47.8767,-107.125,9/6/2012,0.64,1.94,13.7686,all,1
178,NLA12_CT-126,Halls Pond,CT,41.8405,-72.1098,8/1/2012,3.74,0.69,33.9186,all,1
179,NLA17_CT-10005,Halls Pond,CT,41.8405,-72.1098,6/13/2017,3.6,0.81,33.9186,all,1
180,NLA12_OH-127,Hammertown Lake,OH,39.056,-82.6907,7/19/2012,2.63,1.45,65.0867,all,1
181,NLA17_OH-10003,Hammertown Lake,OH,39.056,-82.6907,7/27/2017,2.75,2.26,65.0867,all,1
182,NLA12_NE-101,Harlan County Lake,NE,40.0631,-99.2922,7/22/2012,0.65,8.08,5312.03,all,1
183,NLA17_NE-10001,Harlan County Lake,NE,40.0631,-99.2922,6/28/2017,0.45,24.7,5312.03,all,1
184,NLA12_GA-111,Harrell Pond,GA,32.1828,-83.1709,8/8/2012,1.03,4.09,6.71585,all,1
185,NLA12_IA-104,Hawthorn Lake,IA,41.4772,-92.4603,7/9/2012,1.6,2.95,50.1712,all,1
186,NLA17_IA-10003,Hawthorn Lake,IA,41.4772,-92.4603,6/20/2017,1.2,7.85,50.1712,all,1
187,NLA12_MS-105,Hennington Lake,MS,31.3063,-89.4352,7/25/2012,1.35,1.89,82.0568,all,1
188,NLA17_MS-10005,Hennington Lake,MS,31.3063,-89.4352,9/6/2017,1.14,4.52,82.0568,all,1
189,NLA12_IN-112,Heritage Lake,IN,39.7208,-86.7202,9/5/2012,0.75,3.83,124.182,all,1
190,NLA17_NM-10049,Heron Reservoir,NM,36.6916,-106.698,7/13/2017,1.2,9.94,1918.98,all,1
191,NLA12_IN-171,Hidden Valley Lake,IN,39.2615,-86.1129,8/20/2012,1.38,2.24,9.5207,all,1
192,NLA17_WA-10023,Hog Lake,WA,47.3771,-117.803,8/2/2017,2.2,2.09,20.079,all,1
193,NLA17_WY-10001,Hogan Reservoir,WY,44.7876,-109.261,8/13/2017,2.5,0.95,16.7705,all,1
194,NLA17_IA-10029,Holdens Pond,IA,41.7777,-91.8444,7/27/2017,1.05,8.14,1.86166,all,1
195,NLA12_OH-104,Holiday Lake,OH,41.0885,-82.729,8/22/2012,0.5,7.32,80.7189,all,1
196,NLA17_OH-10002,Holiday Lake,OH,41.0885,-82.729,7/12/2017,0.75,10.2,80.7189,all,1
197,NLA12_GA-114,Holland Pond,GA,32.3824,-81.9293,8/29/2012,1.05,3.87,8.00473,all,1
198,NLA12_AL-101,Holt Lock and Dam,AL,33.292,-87.3914,5/24/2012,2.55,2.35,1301.87,all,1
199,NLA17_AL-10001,Holt Lock and Dam,AL,33.292,-87.3914,7/10/2017,1.05,6.84,1301.87,all,1
200,NLA12_LA-106,Horseshoe Lake,LA,32.7118,-91.7054,6/22/2012,0.65,6.94,50.1153,all,1
201,NLA17_VA-10034,Horseshoe Lake,VA,36.9394,-78.5659,6/6/2017,0.84,16.3,15.0309,all,1
202,NLA17_TX-10144,Horseshoe Tank,TX,33.5382,-99.8992,10/2/2017,0.09,179,19.5666,all,1
203,NLA12_TX-234,House Lake,TX,32.1071,-97.8812,9/27/2012,1.4,3.26,26.4746,all,1
204,NLA12_TX-124,Hubbard Creek Lake,TX,32.7975,-98.9819,7/13/2012,0.93,2.96,6050.9,all,1
205,NLA12_OK-120,Hudson Lake,OK,36.823,-96.0476,6/19/2012,0.915,7.35,103.452,all,1
206,NLA17_OK-10008,Hudson Lake,OK,36.8164,-96.042,7/17/2017,0.85,0.62,103.452,all,1
207,NLA12_NE-103,Hugh Butler Lake,NE,40.3617,-100.704,7/19/2012,0.24,48,644.459,all,1
208,NLA12_OK-134,Hulah Lake,OK,36.9311,-96.103,6/18/2012,0.2,78.6,1245.39,all,1
209,NLA12_WV-102,Hulls Lake,WV,38.8217,-80.5897,6/12/2012,1.92,3.09,334.332,all,1
210,NLA17_WV-10002,Hulls Lake,WV,38.8217,-80.5897,6/7/2017,3,1.98,334.332,all,1
211,NLA12_VA-121,Ice House Pond,VA,37.7519,-76.9337,7/11/2012,0.53,10.9,14.7601,all,1
212,NLA12_OK-302,Indian Hills Lake,OK,36.6678,-96.9967,7/11/2012,2.19,2.78,18.4103,all,1
213,NLA12_MO-105,Indian Lake,MO,38.0884,-91.452,8/14/2012,1.64,2.79,114.987,all,1
214,NLA17_MO-10003,Indian Lake,MO,38.0884,-91.452,8/1/2017,1.45,4.69,114.988,all,1
215,NLA17_ID-10084,Island Park Reservoir,ID,44.4062,-111.506,7/25/2017,1.9,2.5,3058.49,all,1
216,NLA12_FL-108,J T Budd Pond,FL,30.4346,-84.5655,7/28/2012,0.65,3.72,3360.42,all,1
217,NLA17_FL-10002,J T Budd Pond,FL,30.4346,-84.5655,6/27/2017,0.85,3.93,3360.42,all,1
218,NLA12_TX-116,James Lake,TX,32.5933,-98.3178,8/9/2012,1.9,1.48,13.8661,all,1
219,NLA17_TX-10002,James Lake,TX,32.593,-98.3163,7/11/2017,1.9,2.64,13.8661,all,1
220,NLA12_CO-131,Johnson Reservoir,CO,40.9449,-106.012,6/28/2012,3.65,0.94,17.3962,all,1
221,NLA12_MD-104,Johnsons Pond,MD,38.3756,-75.6002,8/15/2012,0.35,25.3,52.5875,all,1
222,NLA12_VA-106,Jolly Pond,VA,37.3019,-76.8211,8/1/2012,0.575,9.58,18.4329,all,1
223,NLA17_VA-10002,Jolly Pond,VA,37.3019,-76.8211,7/13/2017,1.02,11.3,18.4329,all,1
224,NLA12_NC-124,Jones Pond,NC,35.116,-80.263,8/10/2012,0.45,8.32,6.15624,all,1
225,NLA17_NC-10015,Jones Pond,NC,35.116,-80.263,6/25/2017,0.65,10.6,6.15624,all,1
226,NLA12_VA-127,Jordon Lake,VA,37.1548,-77.5205,8/15/2012,0.64,4.07,35.2667,all,1
227,NLA17_VA-10006,Jordon Lake,VA,37.1553,-77.5226,6/20/2017,1.03,4.31,35.2667,all,1
228,NLA12_PA-111,Kahle Lake,PA,41.2363,-79.6561,8/23/2012,1.1,5.16,101.69,all,1
229,NLA12_AZ-127,Kaibab Lake,AZ,35.285,-112.154,5/23/2012,0.29,55.7,24.7659,all,1
230,NLA17_AZ-10007,Kaibab Lake,AZ,35.285,-112.154,9/12/2017,0.275,154,24.7659,all,1
231,NLA12_RI-104,Keech Pond,RI,41.8915,-71.6826,6/27/2012,1.15,1.49,93.7524,all,1
232,NLA17_RI-10001,Keech Pond,RI,41.8915,-71.6826,8/1/2017,1.23,3.03,93.7524,all,1
233,NLA12_OR-123,Keen Creek Diversion Pond,OR,42.13,-122.478,7/17/2012,3,1.32,4.40431,all,1
234,NLA17_OR-10010,Keen Creek Diversion Pond,OR,42.1304,-122.478,8/2/2017,1.85,2.65,4.40431,all,1
235,NLA17_CA-10082,Kelsey Reservoir,CA,37.5416,-120.354,6/7/2017,1.38,5.37,26.5592,all,1
236,NLA12_WY-131,Kemmerer Reservoir,WY,41.945,-110.657,7/10/2012,2.95,1.04,76.199,all,1
237,NLA17_WY-10005,Kemmerer Reservoir,WY,41.945,-110.657,8/17/2017,3.35,1.77,76.199,all,1
238,NLA12_OK-103,Keystone Reservoir,OK,36.1506,-96.4397,7/2/2012,0.95,6.94,10136,all,1
239,NLA17_OK-10002,Keystone Reservoir,OK,36.1616,-96.2959,8/1/2017,1.1,4.16,10136,all,1
240,NLA12_OH-118,Killdeer Upground Reservoir,OH,40.7034,-83.3787,7/17/2012,1.2,2.75,102.711,all,1
241,NLA17_TX-10110,Killion Lake,TX,31.7575,-95.4936,9/20/2017,0.9,7.49,5.27467,all,1
242,NLA12_TX-195,King Lake,TX,33.5162,-94.1251,6/24/2012,0.35,11.5,17.0897,all,1
243,NLA17_TX-10011,King Lake,TX,33.5162,-94.1251,6/14/2017,0.295,53.6,17.0897,all,1
244,NLA12_KS-105,Kingman County State Lake,KS,37.6556,-98.261,6/13/2012,0.265,40.9,56.794,all,1
245,NLA17_KS-10004,Kingman County State Lake,KS,37.6556,-98.261,6/14/2017,0.075,53.9,56.794,all,1
246,NLA12_UT-108,Koosharem Reservoir,UT,38.6005,-111.841,5/17/2012,2.25,1.83,144.315,all,1
247,NLA17_UT-10005,Koosharem Reservoir,UT,38.6005,-111.841,6/29/2017,1.4,5.16,144.315,all,1
248,NLA17_NM-10041,La Cueva Reservoir,NM,35.948,-105.22,6/23/2017,0.3,26.7,160.177,all,1
249,NLA12_MO-117,Lac Darcie,MO,37.911,-90.6309,6/21/2012,2.5,1.69,1.77043,all,1
250,NLA12_WA-107,Lacamas Lake,WA,45.6168,-122.426,7/31/2012,1,7.13,101.308,all,1
251,NLA12_VA-103,Lake Anne,VA,38.9647,-77.3356,7/18/2012,1.28,2.5,10.1117,all,1
252,NLA17_VA-10003,Lake Anne,VA,38.9652,-77.3376,6/27/2017,1.32,3.25,10.1117,all,1
253,NLA17_TX-10022,Lake Arrowhead,TX,33.7143,-98.3716,7/20/2017,1.15,4.78,3760.18,all,1
254,NLA12_VA-104,Lake Bonaventure,VA,36.944,-82.2033,7/25/2012,1.2,3.02,29.6827,all,1
255,NLA12_AR-106,Lake Charles,AR,36.0672,-91.1424,8/20/2012,0.48,8.65,222.593,all,1
256,NLA17_CA-10012,Lake Combie,CA,39.0136,-121.041,7/5/2017,1.85,4.01,146.549,all,1
257,NLA17_TX-10096,Lake Copper Breaks,TX,34.1073,-99.7493,9/6/2017,0.6,10.7,17.8589,all,1
258,NLA12_TX-R09,Lake Davy Crockett,TX,33.7351,-95.9258,9/25/2012,0.875,1.81,143.587,all,1
259,NLA12_OK-R09,Lake Duncan,OK,34.52,-97.8189,5/23/2012,0.29,9,81.0041,all,1
260,NLA12_IA-127,Lake Fisher,IA,40.7544,-92.4401,7/10/2012,0.81,5.45,34.719,all,1
261,NLA17_IA-10007,Lake Fisher,IA,40.7544,-92.4401,7/5/2017,0.8,6.76,34.719,all,1
262,NLA12_SD-183,Lake Francis Case,SD,43.4431,-99.2576,7/5/2012,0.65,8.87,34308.3,all,1
263,NLA17_SD-10053,Lake Francis Case,SD,43.4431,-99.2576,7/31/2017,1.05,5.48,34308.3,all,1
264,NLA12_SD-140,Lake Gardner,SD,45.6045,-103.613,6/19/2012,0.475,14.1,76.9428,all,1
265,NLA17_CA-10003,Lake Greenhaven,CA,38.5085,-121.535,6/12/2017,0.4,15.1,21.3692,all,1
266,NLA12_MD-101,Lake Habeeb,MD,39.7034,-78.6529,7/5/2012,4.65,0.89,85.669,all,1
267,NLA17_MD-10001,Lake Habeeb,MD,39.7034,-78.6529,7/26/2017,5.12,0.64,85.669,all,1
268,NLA12_CO-117,Lake Hatcher,CO,37.3162,-107.113,8/2/2012,1.68,2.01,35.171,all,1
269,NLA12_OK-135,Lake Henryetta,OK,35.4122,-95.9293,6/11/2012,0.175,121,204.276,all,1
270,NLA12_NC-101,Lake Hickory (Lake Oxford),NC,35.7665,-81.3576,6/3/2012,1.2,2.34,1559,all,1
271,NLA17_NC-10001,Lake Hickory (Lake Oxford),NC,35.8146,-81.2448,6/28/2017,1.6,2.44,1559,all,1
272,NLA12_IL-120,Lake Hillcrest,IL,38.7513,-89.9924,7/24/2012,0.95,4.93,6.98792,all,1
273,NLA17_IL-10003,Lake Hillcrest,IL,38.7512,-89.9925,6/28/2017,0.65,9.76,6.98792,all,1
274,NLA12_AR-102,Lake Hogue,AR,35.5832,-90.9629,8/21/2012,0.3,19.8,95.8925,all,1
275,NLA12_AR-109,Lake Hospitality,AR,33.818,-94.06,8/8/2012,1.65,1.93,4.14923,all,1
276,NLA12_NM-105,Lake Isabel,NM,35.7589,-105.144,5/30/2012,0.3,37.8,325.898,all,1
277,NLA17_NM-10002,Lake Isabel,NM,35.7589,-105.144,6/19/2017,2.5,2.92,325.898,all,1
278,NLA12_TX-152,Lake J B Thomas,TX,32.5819,-101.166,7/17/2012,0.1,130,707.331,all,1
279,NLA17_TX-10020,Lake J B Thomas,TX,32.5819,-101.166,7/20/2017,1.8,3.19,707.331,all,1
280,NLA12_TX-137,Lake Jacksonville,TX,31.9103,-95.3019,9/6/2012,2.33,1.29,481.44,all,1
281,NLA17_TX-10010,Lake Jacksonville,TX,31.9103,-95.3019,9/13/2017,4.6,1.42,481.44,all,1
282,NLA12_OH-R03,Lake Kelso,OH,41.4447,-81.1748,9/5/2012,2.82,0.76,11.4807,all,1
283,NLA12_MD-102,Lake Kittamaqundi,MD,39.2162,-76.8537,6/25/2012,0.45,9.28,12.7105,all,1
284,NLA17_TN-10023,Lake Kyle,TN,36.5785,-87.6573,8/28/2017,1.25,6.18,27.38,all,1
285,NLA12_TN-122,Lake Lajoice,TN,35.3467,-88.8849,9/13/2012,0.675,3.46,20.3207,all,1
286,NLA17_IL-10009,Lake Lancelot,IL,40.6312,-89.7454,7/12/2017,3.75,1.1,19.0986,all,1
287,NLA12_IN-127,Lake Lemon,IN,39.2567,-86.3729,7/31/2012,0.55,5.13,592.289,all,1
288,NLA12_TX-110,Lake Lewisville,TX,33.0786,-96.9867,6/28/2012,0.775,2.92,8783.07,all,1
289,NLA12_OH-102,Lake Loramie,OH,40.3725,-84.3401,7/31/2012,0.25,26.2,327.119,all,1
290,NLA12_MD-103,Lake Louise,MD,39.6856,-79.2304,7/19/2012,1.55,2.27,12.7527,all,1
291,NLA12_AL-R05,Lake Lurleen,AL,33.2895,-87.686,7/21/2012,1.65,2,91.0347,all,1
292,NLA12_NE-109,Lake Maloney,NE,41.0374,-100.776,7/20/2012,0.625,6.78,641.023,all,1
293,NLA12_UT-203,Lake Mary,UT,40.5889,-111.59,7/23/2012,9.06,0.14,8.96495,all,1
294,NLA12_CA-R03,Lake McClure,CA,37.6638,-120.216,7/22/2012,3.45,1.1,2267.07,all,1
295,NLA12_TX-103,Lake Merideth,TX,35.5823,-101.717,7/17/2012,0.75,5.37,6559.39,all,1
296,NLA17_TX-10004,Lake Merideth,TX,35.6388,-101.66,7/16/2017,1.8,3.69,6559.39,all,1
297,NLA17_IA-10034,Lake Meyer,IA,43.1745,-91.9091,7/31/2017,0.75,4.58,12.1753,all,1
298,NLA12_NE-160,Lake Minatare,NE,41.9335,-103.494,8/23/2012,0.93,4.09,785.061,all,1
299,NLA17_NE-10007,Lake Minatare,NE,41.9335,-103.494,7/11/2017,3,1.88,785.061,all,1
300,NLA12_MS-113,Lake Mohawk,MS,34.6538,-88.7222,7/31/2012,2.75,1.34,63.7276,all,1
301,NLA17_MS-10019,Lake Mohawk,MS,34.6532,-88.7238,7/27/2017,1.7,2.62,63.7276,all,1
302,NLA12_VA-110,Lake Montclair,VA,38.6132,-77.3518,7/18/2012,1.65,2.47,39.6894,all,1
303,NLA17_VA-10010,Lake Montclair,VA,38.6132,-77.3518,6/27/2017,1.02,4.89,39.6894,all,1
304,NLA12_TX-128,Lake Montex,TX,32.6624,-97.6124,8/16/2012,1.73,1.69,43.1959,all,1
305,NLA17_TX-10049,Lake Montex,TX,32.6624,-97.6124,6/12/2017,2.5,1.76,43.1959,all,1
306,NLA12_MO-110,Lake Northwood,MO,38.4289,-91.4807,8/13/2012,2.11,2.52,31.928,all,1
307,NLA12_TX-113,Lake O the Pines,TX,32.8179,-94.6636,8/2/2012,0.55,4.66,7062.47,all,1
308,NLA17_TX-10007,Lake O' the Pines,TX,32.8179,-94.6636,9/12/2017,0.6,4.39,7062.47,all,1
309,NLA12_SD-101,Lake Oahe,SD,44.6471,-100.701,5/31/2012,1.75,2.77,125497,all,1
310,NLA17_SD-10001,Lake Oahe,SD,44.6471,-100.701,6/1/2017,2.9,2.11,125497,all,1
311,NLA12_OK-105,Lake Overholser,OK,35.4994,-97.6781,7/9/2012,0.275,51.1,637.15,all,1
312,NLA17_OK-10003,Lake Overholser,OK,35.4994,-97.6781,8/9/2017,0.3,20.7,637.15,all,1
313,NLA12_TX-105,Lake Palestine,TX,32.1887,-95.4744,6/28/2012,0.69,5.56,9530.15,all,1
314,NLA12_KY-116,Lake Peewee,KY,37.3517,-87.5261,7/1/2012,1.9,3.19,151.084,all,1
315,NLA17_AZ-10100,Lake Pleasant,AZ,33.8451,-112.266,7/26/2017,3.05,0.88,31.656,all,1
316,NLA12_WI-173,Lake Redstone 30,WI,43.6064,-90.0923,9/18/2012,0.65,8.1,242.529,all,1
317,NLA17_WI-10010,Lake Redstone 30,WI,43.6064,-90.0923,6/20/2017,1.38,4.13,242.529,all,1
318,NLA17_NM-10044,Lake Roberts,NM,33.0304,-108.16,6/25/2017,3,2,27.6677,all,1
319,NLA12_LA-102,Lake Rodemacher,LA,31.3827,-92.7275,6/17/2012,0.55,32,1181.52,all,1
320,NLA12_OK-117,Lake Rolla,OK,35.5288,-98.0261,7/10/2012,0.275,73.8,28.6262,all,1
321,NLA17_OK-10006,Lake Rolla,OK,35.5288,-98.0261,8/15/2017,0.15,76.1,28.6262,all,1
322,NLA17_MO-10039,Lake Saint Louise,MO,38.8001,-90.7975,9/19/2017,1.19,3.32,28.3521,all,1
323,NLA12_MT-156,Lake Sutherlin,MT,46.6246,-110.738,7/26/2012,4.04,0.88,150.72,all,1
324,NLA12_NC-108,Lake Tahoma,NC,35.7268,-82.0842,6/2/2012,3.12,0.75,69.7326,all,1
325,NLA12_NJ-101,Lake Tranquility,NJ,40.9509,-74.7841,7/13/2012,1.15,3.3,22.7241,all,1
326,NLA17_NJ-10001,Lake Tranquility,NJ,40.9509,-74.7841,6/12/2017,1.72,1.95,22.7241,all,1
327,NLA12_MO-115,Lake Trenton,MO,40.0808,-93.5764,7/11/2012,1.38,2.55,26.6586,all,1
328,NLA17_MO-10007,Lake Trenton,MO,40.0816,-93.5734,7/11/2017,0.885,4.92,26.6586,all,1
329,NLA12_ND-131,Lake Tschida,ND,46.6148,-101.895,8/6/2012,4.15,0.93,1328.23,all,1
330,NLA17_ND-10021,Lake Tschida,ND,46.6098,-101.854,7/5/2017,1.95,2.9,1328.23,all,1
331,NLA12_MO-122,Lake Vera,MO,40.142,-92.5746,8/29/2012,0.51,9.98,5.28288,all,1
332,NLA12_MD-115,Lake Vista,MD,38.3255,-76.4328,7/17/2012,0.35,17,1.23669,all,1
333,NLA17_MD-10004,Lake Vista,MD,38.3255,-76.4328,9/25/2017,0.225,15.1,1.23669,all,1
334,NLA17_MD-10034,Lake Walker,MD,39.1639,-77.2015,8/24/2017,0.45,14.2,12.3021,all,1
335,NLA12_NJ-106,Lake Washington,NJ,41.03,-74.3012,9/14/2012,1.38,3.35,4.68124,all,1
336,NLA12_TN-113,Lake Windermere,TN,35.2132,-89.9349,6/1/2012,0.6,5.95,8.85903,all,1
337,NLA17_CT-10010,Lake Zoar,CT,41.4121,-73.1988,8/22/2017,2.38,2.6,382.332,all,1
338,NLA12_OH-115,Lake of Four Seasons,OH,39.6535,-82.4738,8/23/2012,3.78,0.36,47.7416,all,1
339,NLA17_OH-10005,Lake of Four Seasons,OH,39.6535,-82.4738,7/24/2017,0.85,12.1,47.7416,all,1
340,NLA12_AZ-R02,Lake of the Woods,AZ,34.1611,-109.98,8/21/2012,0.3,8.88,5.1489,all,1
341,NLA17_IL-10013,Lake of the Woods,IL,40.2001,-88.3785,6/12/2017,0.875,5.49,11.4835,all,1
342,NLA12_VA-R17,Laurel Bed Lake,VA,36.9595,-81.8085,6/27/2012,4.01,0.86,133.276,all,1
343,NLA12_MT-144,Lebo Lake,MT,46.3128,-110.033,8/16/2012,0.675,3.77,125.362,all,1
344,NLA17_GA-10039,Legion Lake,GA,33.7905,-84.9463,8/9/2017,1.75,3.82,16.2439,all,1
345,NLA12_TX-118,Lemon Reservoir,TX,29.1609,-95.3252,8/30/2012,0.245,16.6,37.7352,all,1
346,NLA17_TX-10048,Lemon Reservoir,TX,29.1604,-95.3252,9/22/2017,1,6.56,37.7352,all,1
347,NLA12_MD-105,Leonard Pond,MD,38.4236,-75.5605,6/28/2012,1.1,2.33,20.6298,all,1
348,NLA17_TN-10022,Lewisburg Reservoir,TN,35.4027,-86.8397,8/25/2017,0.65,9.58,10.8498,all,1
349,NLA12_SC-118,Lib Pines Lake,SC,33.4631,-80.3893,8/13/2012,0.95,3.81,35614.1,all,1
350,NLA17_SC-10002,Lib Pines Lake,SC,33.4631,-80.3893,7/11/2017,1.35,3.74,35614,all,1
351,NLA12_VA-R05,Little Creek Reservoir,VA,37.3587,-76.8421,8/1/2012,2.52,1.11,360.85,all,1
352,NLA12_GA-127,Little Ocmulgee Lake,GA,32.0965,-82.9003,8/22/2012,0.85,4.47,138.377,all,1
353,NLA12_ID-203,Little Valley Reservoir,ID,42.2604,-111.471,8/1/2012,1,7.78,13.5957,all,1
354,NLA12_MO-R02,Loggers Lake,MO,37.3885,-91.2621,7/10/2012,2.75,1.14,8.8966,all,1
355,NLA12_CO-106,Lonetree Reservoir,CO,40.3371,-105.127,7/20/2012,2.95,1.18,189.816,all,1
356,NLA17_CO-10024,Lonetree Reservoir,CO,40.3371,-105.127,7/11/2017,3.5,1.54,189.816,all,1
357,NLA12_IA-152,Lost Island Lake,IA,43.1718,-94.9059,7/5/2012,1.12,4.52,427.701,all,1
358,NLA17_IN-10099,Lost Lake,IN,40.6107,-85.3702,7/14/2017,0.225,45,2.65897,all,1
359,NLA12_KS-114,Louisburg State Fishing Lake,KS,38.508,-94.6733,5/22/2012,0.775,6,110.039,all,1
360,NLA17_CA-10054,Loveland Reservoir,CA,32.7867,-116.782,8/22/2017,2.45,1.39,169.921,all,1
361,NLA12_UT-196,Lower Gooseberry Reservoir,UT,39.7068,-111.293,8/2/2012,3.85,0.88,31.4511,all,1
362,NLA17_UT-10009,Lower Gooseberry Reservoir,UT,39.7068,-111.293,7/13/2017,3.05,0.94,31.4511,all,1
363,NLA17_CA-10052,Lower Sunset Lake,CA,38.6114,-119.875,9/25/2017,1.6,5.52,12.4396,all,1
364,NLA12_OH-105,Lucys Pond,OH,40.4955,-83.8999,9/18/2012,0.23,25,2018.92,all,1
365,NLA12_AZ-145,Luna Lake,AZ,33.8293,-109.09,8/14/2012,1.05,3.57,48.4485,all,1
366,NLA17_AZ-10006,Luna Lake,AZ,33.8306,-109.085,7/13/2017,1.75,2.56,48.4485,all,1
367,NLA12_AZ-107,Lyman Lake,AZ,34.3607,-109.363,7/26/2012,0.225,66.7,529.233,all,1
368,NLA17_AZ-10005,Lyman Lake,AZ,34.3607,-109.363,7/10/2017,0.35,32.2,529.233,all,1
369,NLA17_AZ-10021,Lynx Lake,AZ,34.5185,-112.385,6/21/2017,5.05,0.99,19.9137,all,1
370,NLA17_OH-10013,Madison Lake,OH,39.8734,-83.3743,9/14/2017,0.55,23,38.8058,all,1
371,NLA17_WY-10039,Mahoney Reservoir,WY,42.9185,-107.736,8/18/2017,0.15,530,8.87467,all,1
372,NLA12_NJ-131,Maple Lake,NJ,39.4077,-74.7782,7/9/2012,0.85,0.97,11.8688,all,1
373,NLA17_AL-10008,Marengo Lake,AL,32.2107,-87.7503,7/13/2017,1.55,3.74,18.1758,all,1
374,NLA12_TN-119,Marrowbone Lake,TN,36.303,-86.9171,9/16/2012,0.65,21.6,25.1163,all,1
375,NLA17_TN-10004,Marrowbone Lake,TN,36.3042,-86.9136,6/7/2017,0.7,13.6,25.1163,all,1
376,NLA17_MO-10009,Masters Lake,MO,37.1876,-89.9307,9/12/2017,0.43,3.58,2.27885,all,1
377,NLA17_CO-10053,McDonough Reservoir Number 2,CO,38.1928,-106.838,7/16/2017,1.75,5.53,30.4944,all,1
378,NLA12_TX-109,McElvaney Lake,TX,32.09,-95.8943,7/11/2012,1.35,2.72,5.36117,all,1
379,NLA17_TX-10005,McElvaney Lake,TX,32.09,-95.8943,8/9/2017,1.2,5.72,5.36117,all,1
380,NLA12_GA-103,McMath Millpond,GA,32.07,-84.2971,8/21/2012,0.95,4.31,32.2688,all,1
381,NLA17_GA-10003,McMath Millpond,GA,32.07,-84.2971,9/6/2017,0.805,9.27,32.2688,all,1
382,NLA12_CO-109,Meadow Creek Reservoir,CO,40.0556,-105.747,8/23/2012,3.05,0.68,51.028,all,1
383,NLA12_TX-144,Meridian Lake,TX,31.8892,-97.7025,6/14/2012,1.2,3.24,20.7278,all,1
384,NLA12_CT-107,Messerschmidt Pond,CT,41.339,-72.4861,7/25/2012,2.25,1.09,32.982,all,1
385,NLA12_NH-112,Mill Pond,NH,42.7392,-71.937,6/21/2012,3.35,0.53,2.64202,all,1
386,NLA12_UT-374,Millsite Reservoir,UT,39.1001,-111.2,8/30/2012,1.45,2.53,151.335,all,1
387,NLA12_GA-112,Miriatoto Lake,GA,33.3732,-84.2859,5/16/2012,2.35,2.32,5.0809,all,1
388,NLA12_NJ-104,Mirror Lake,NJ,39.9709,-74.5712,7/15/2012,0.85,4.23,37.1403,all,1
389,NLA17_NJ-10003,Mirror Lake,NJ,39.9709,-74.5712,6/19/2017,0.575,9.25,37.1403,all,1
390,NLA12_OH-107,Mogadore Reservoir,OH,41.0575,-81.3445,8/20/2012,0.41,26.4,424.655,all,1
391,NLA17_IL-10011,Monee Reservoir,IL,41.3928,-87.7601,6/16/2017,2.65,3.63,16.6908,all,1
392,NLA12_IN-115,Monroe Lake,IN,39.026,-86.4705,8/22/2012,1.18,3.29,2761.8,all,1
393,NLA17_IN-10009,Monroe Lake,IN,39.026,-86.4706,7/28/2017,2,2.34,2761.8,all,1
394,NLA12_TX-157,Monterey Lake,TX,32.8279,-94.0474,6/25/2012,0.55,4.07,21.6603,all,1
395,NLA12_UT-359,Montes Creek Reservoir,UT,40.3506,-109.941,9/12/2012,0.225,33,42.4907,all,1
396,NLA12_WV-115,Moores Run Lake Number One,WV,39.1337,-78.5972,6/20/2012,2.17,1.01,15.4386,all,1
397,NLA17_WV-10003,Moores Run Lake Number One,WV,39.1336,-78.5974,6/6/2017,2.65,1.32,15.4386,all,1
398,NLA12_CT-103,Morris Reservoir,CT,41.6776,-73.1447,8/9/2012,4.65,0.67,56.1997,all,1
399,NLA17_CT-10004,Morris Reservoir,CT,41.6776,-73.1447,8/14/2017,4.1,0.91,56.1997,all,1
400,NLA12_TX-111,Moss Creek Lake,TX,32.2403,-101.313,7/16/2012,0.95,3.43,56.7548,all,1
401,NLA12_NC-103,Mott Lake,NC,35.0543,-79.2066,6/7/2012,1.85,2.76,59.7175,all,1
402,NLA12_KS-R02,Mound City Lake,KS,38.1222,-94.8916,6/7/2012,0.7,4.26,50.2775,all,1
403,NLA12_NJ-102,Mount Hope Lake,NJ,40.9277,-74.5381,7/12/2012,0.95,5.51,65.3285,all,1
404,NLA17_NJ-10002,Mount Hope Lake,NJ,40.9263,-74.5354,7/5/2017,1.35,4.73,65.3285,all,1
405,NLA12_UT-294,Mountain Dell Reservoir,UT,40.7524,-111.72,7/17/2012,6.22,0.21,35.074,all,1
406,NLA12_OH-122,Mystic Lake,OH,39.6617,-84.6462,9/13/2012,0.735,6.97,7.1218,all,1
407,NLA17_OH-10008,Mystic Lake,OH,39.6617,-84.6462,8/2/2017,0.55,13.9,7.1218,all,1
408,NLA12_AL-103,NLA12_AL-103,AL,33.7625,-86.0532,7/19/2012,0.775,4.5,10363.3,all,1
409,NLA12_AL-104,NLA12_AL-104,AL,32.5159,-87.8611,7/23/2012,0.75,5.36,4731.47,all,1
410,NLA12_AL-113,NLA12_AL-113,AL,30.9718,-88.0527,8/8/2012,1.45,2.44,29.405,all,1
411,NLA12_AL-114,NLA12_AL-114,AL,33.882,-85.9316,7/26/2012,0.65,3.91,18.1047,all,1
412,NLA12_AL-R03,NLA12_AL-R03,AL,33.3219,-85.8107,7/18/2012,1.68,2.93,22.4205,all,1
413,NLA12_AR-103,NLA12_AR-103,AR,34.4176,-93.0701,8/24/2012,3.24,0.97,2428.92,all,1
414,NLA12_AR-104,NLA12_AR-104,AR,35.5625,-93.6376,8/9/2012,1.84,2.65,44.6821,all,1
415,NLA12_AR-105,NLA12_AR-105,AR,33.0756,-92.6606,7/24/2012,1.55,3.7,7.295,all,1
416,NLA12_AR-111,NLA12_AR-111,AR,34.6003,-92.5007,8/22/2012,0.575,12.2,2.0618,all,1
417,NLA12_AZ-106,NLA12_AZ-106,AZ,33.406,-114.714,8/23/2012,1.5,2.16,55.0064,all,1
418,NLA12_AZ-118,NLA12_AZ-118,AZ,33.3813,-111.884,5/9/2012,1.55,3.69,8.00721,all,1
419,NLA12_CO-103,NLA12_CO-103,CO,40.4363,-105.034,9/12/2012,0.925,3.46,611.561,all,1
420,NLA12_GA-101,NLA12_GA-101,GA,31.0599,-81.4132,5/24/2012,1.75,2.15,9.7414,all,1
421,NLA12_GA-107,NLA12_GA-107,GA,32.6388,-83.9669,6/13/2012,0.46,19.7,2.44459,all,1
422,NLA12_GA-R01,NLA12_GA-R01,GA,32.8595,-84.3969,7/25/2012,1.6,2.23,1.59933,all,1
423,NLA12_GA-R11,NLA12_GA-R11,GA,30.8335,-82.3569,8/16/2012,0.15,0.23,30.7054,all,1
424,NLA12_IA-103,NLA12_IA-103,IA,41.4387,-93.5497,6/26/2012,3.01,1.48,6.61838,all,1
425,NLA12_IA-106,NLA12_IA-106,IA,41.4694,-93.9205,6/25/2012,0.575,8.51,93.2822,all,1
426,NLA12_IA-150,NLA12_IA-150,IA,42.4326,-93.796,7/2/2012,1.18,4.63,24.7908,all,1
427,NLA12_IA-R03,NLA12_IA-R03,IA,40.5974,-93.7712,6/26/2012,2.25,1.57,28.3668,all,1
428,NLA12_ID-101,NLA12_ID-101,ID,44.9641,-116.463,7/2/2012,4.6,0.92,211.43,all,1
429,NLA12_ID-104,NLA12_ID-104,ID,42.2433,-111.849,8/2/2012,1.25,16.9,61.4749,all,1
430,NLA12_ID-107,NLA12_ID-107,ID,43.4602,-116.141,6/25/2012,0.395,28.5,33.4235,all,1
431,NLA12_ID-109,NLA12_ID-109,ID,42.677,-113.407,6/27/2012,0.69,4.46,3395.55,all,1
432,NLA12_ID-111,NLA12_ID-111,ID,42.2064,-114.879,6/28/2012,1.7,4.33,393.037,all,1
433,NLA12_ID-113,NLA12_ID-113,ID,44.8383,-116.034,7/3/2012,2.35,1.65,9.70744,all,1
434,NLA12_ID-122,NLA12_ID-122,ID,42.8953,-111.964,7/31/2012,1.72,7.41,504.187,all,1
435,NLA12_ID-141,NLA12_ID-141,ID,44.3291,-116.184,7/3/2012,5,0.88,71.5722,all,1
436,NLA12_ID-143,NLA12_ID-143,ID,42.2643,-116.31,8/6/2012,1.58,3.97,35.546,all,1
437,NLA12_ID-151,NLA12_ID-151,ID,43.1984,-114.6,6/27/2012,0.25,24.7,44.6023,all,1
438,NLA12_ID-166,NLA12_ID-166,ID,43.0784,-112.694,7/30/2012,2.48,0.97,21.2585,all,1
439,NLA12_ID-175,NLA12_ID-175,ID,43.1914,-116.96,7/5/2012,0.225,32.3,72.9744,all,1
440,NLA12_ID-194,NLA12_ID-194,ID,43.1659,-115.652,6/26/2012,1.05,6.94,163.934,all,1
441,NLA12_ID-198,NLA12_ID-198,ID,44.2147,-111.616,7/31/2012,1.05,5.37,4.4317,all,1
442,NLA12_ID-209,NLA12_ID-209,ID,44.7967,-116.733,7/5/2012,4.6,0.35,12.4428,all,1
443,NLA12_ID-214,NLA12_ID-214,ID,42.1873,-113.924,8/8/2012,1.05,5.29,407.395,all,1
444,NLA12_ID-216,NLA12_ID-216,ID,42.5315,-116.365,8/7/2012,0.225,56.1,29.3851,all,1
445,NLA12_IL-105,NLA12_IL-105,IL,39.4101,-87.8052,9/13/2012,1.18,3.37,296.2,all,1
446,NLA12_IL-110,NLA12_IL-110,IL,40.4802,-88.103,6/26/2012,1.32,4.93,1.73454,all,1
447,NLA12_IL-111,NLA12_IL-111,IL,38.7593,-88.0676,9/12/2012,0.875,4.66,333.945,all,1
448,NLA12_IL-112,NLA12_IL-112,IL,37.8209,-88.9013,8/15/2012,0.975,4.25,1.85214,all,1
449,NLA12_IL-114,NLA12_IL-114,IL,40.508,-90.1612,8/29/2012,3,1.04,72.9032,all,1
450,NLA12_IL-116,NLA12_IL-116,IL,37.6936,-88.7087,8/16/2012,2.98,0.56,10.8743,all,1
451,NLA12_IN-104,NLA12_IN-104,IN,38.2138,-87.118,8/22/2012,1.18,4.22,10.9151,all,1
452,NLA12_IN-117,NLA12_IN-117,IN,39.7155,-86.2118,8/29/2012,1.65,2,18.9602,all,1
453,NLA12_IN-126,NLA12_IN-126,IN,39.0367,-85.6802,8/31/2012,0.45,9.49,6.35485,all,1
454,NLA12_IN-131,NLA12_IN-131,IN,39.4536,-87.1935,9/5/2012,8.5,0.43,13.3323,all,1
455,NLA12_IN-135,NLA12_IN-135,IN,38.3062,-87.316,9/18/2012,1.7,2.48,5.11071,all,1
456,NLA12_IN-142,NLA12_IN-142,IN,38.6608,-85.7545,8/29/2012,0.425,16,17.8819,all,1
457,NLA12_IN-147,NLA12_IN-147,IN,40.1537,-85.646,8/2/2012,0.19,23.4,1.95643,all,1
458,NLA12_IN-155,NLA12_IN-155,IN,39.056,-87.1462,9/19/2012,6.45,0.61,3.58343,all,1
459,NLA12_IN-166,NLA12_IN-166,IN,40.9751,-87.511,8/7/2012,1,4.23,325.038,all,1
460,NLA12_IN-174,NLA12_IN-174,IN,38.0005,-87.3441,8/20/2012,2.25,1.28,38.2278,all,1
461,NLA12_IN-179,NLA12_IN-179,IN,39.7677,-85.7567,8/14/2012,0.425,6.49,5.28958,all,1
462,NLA12_IN-180,NLA12_IN-180,IN,37.969,-87.7697,8/21/2012,1.25,1.95,6.12961,all,1
463,NLA12_IN-183,NLA12_IN-183,IN,38.7398,-86.996,9/7/2012,0.55,5.96,10.445,all,1
464,NLA12_IN-191,NLA12_IN-191,IN,38.9372,-85.1951,8/30/2012,0.275,12,4.03401,all,1
465,NLA12_IN-193,NLA12_IN-193,IN,39.892,-86.1155,9/12/2012,3.15,0.83,15.2982,all,1
466,NLA12_IN-201,NLA12_IN-201,IN,39.1705,-87.2912,9/19/2012,0.55,4.41,1.58605,all,1
467,NLA12_IN-202,NLA12_IN-202,IN,38.4641,-85.8077,9/24/2012,0.975,4.74,1.9035,all,1
468,NLA12_KS-101,NLA12_KS-101,KS,39.3321,-97.3749,6/19/2012,0.065,398,10.2348,all,1
469,NLA12_KS-107,NLA12_KS-107,KS,38.126,-96.3096,6/27/2012,1.15,2.79,16.1022,all,1
470,NLA12_KS-109,NLA12_KS-109,KS,39.3488,-95.0434,6/5/2012,1.23,2.85,4.30213,all,1
471,NLA12_KS-121,NLA12_KS-121,KS,38.4659,-95.7348,6/28/2012,0.485,9.94,12.1901,all,1
472,NLA12_KS-124,NLA12_KS-124,KS,37.3943,-96.8485,6/14/2012,0.33,18.9,20.0817,all,1
473,NLA12_KS-126,NLA12_KS-126,KS,37.4919,-95.0772,6/25/2012,0.045,404,2.63454,all,1
474,NLA12_KS-130,NLA12_KS-130,KS,38.7984,-94.7667,5/30/2012,0.95,4.93,7.18548,all,1
475,NLA12_KS-138,NLA12_KS-138,KS,37.6344,-97.3965,6/11/2012,2.2,1.59,10.8083,all,1
476,NLA12_KS-R08,NLA12_KS-R08,KS,38.7913,-95.9794,6/13/2012,0.6,9.17,10.9402,all,1
477,NLA12_KS-R11,NLA12_KS-R11,KS,37.2339,-96.1853,6/15/2012,1.1,2.41,173.972,all,1
478,NLA12_KY-107,NLA12_KY-107,KY,37.6986,-84.2295,5/23/2012,1.1,8.29,50.0645,all,1
479,NLA12_KY-114,NLA12_KY-114,KY,37.3361,-86.1564,6/4/2012,1.4,3.97,2204.7,all,1
480,NLA12_KY-117,NLA12_KY-117,KY,38.2112,-85.4038,6/5/2012,1.2,6.58,1.88016,all,1
481,NLA12_KY-120,NLA12_KY-120,KY,36.8755,-88.4902,5/31/2012,0.2,27.2,16.1826,all,1
482,NLA12_LA-103,NLA12_LA-103,LA,30.5369,-92.4403,6/19/2012,0.25,106,36.9706,all,1
483,NLA12_LA-141,NLA12_LA-141,LA,31.2769,-91.6303,6/25/2012,0.15,226,23.267,all,1
484,NLA12_LA-154,NLA12_LA-154,LA,32.3517,-93.7687,6/21/2012,0.15,8.09,5.39115,all,1
485,NLA12_LA-155,NLA12_LA-155,LA,32.5807,-93.2588,6/21/2012,2.6,1.83,4.50462,all,1
486,NLA12_MA-106,NLA12_MA-106,MA,42.2589,-71.9393,9/13/2012,3.25,0.66,25.7338,all,1
487,NLA12_MA-108,NLA12_MA-108,MA,42.0261,-70.8861,9/10/2012,1.05,3.86,4.21272,all,1
488,NLA12_MD-108,NLA12_MD-108,MD,39.1319,-77.1314,7/31/2012,0.75,4.35,77.2787,all,1
489,NLA12_ME-134,NLA12_ME-134,ME,44.434,-69.3899,7/24/2012,2.68,1.9,2.07586,all,1
490,NLA12_MI-148,NLA12_MI-148,MI,45.9545,-87.98,8/1/2012,6.05,0.34,119.956,all,1
491,NLA12_MI-151,NLA12_MI-151,MI,42.6944,-84.5323,7/9/2012,2.92,1.52,8.42119,all,1
492,NLA12_MI-167,NLA12_MI-167,MI,42.9176,-84.2037,7/12/2012,2.42,1.56,8.14261,all,1
493,NLA12_MN-123,NLA12_MN-123,MN,45.2673,-96.3703,7/10/2012,0.7,4.78,2.27024,all,1
494,NLA12_MO-101,NLA12_MO-101,MO,37.8075,-94.2073,7/24/2012,0.375,16.2,11.7549,all,1
495,NLA12_MO-104,NLA12_MO-104,MO,37.6495,-90.5852,6/21/2012,1.65,1.88,70.6473,all,1
496,NLA12_MO-119,NLA12_MO-119,MO,38.4344,-93.8778,6/14/2012,0.91,4.18,8.856,all,1
497,NLA12_MO-120,NLA12_MO-120,MO,38.9393,-91.2829,9/6/2012,0.555,7.04,4.32803,all,1
498,NLA12_MO-123,NLA12_MO-123,MO,38.6297,-92.6039,8/21/2012,0.51,8.94,2.48268,all,1
499,NLA12_MS-102,NLA12_MS-102,MS,31.8919,-90.6014,6/10/2012,0.95,3.42,35.4988,all,1
500,NLA12_MS-106,NLA12_MS-106,MS,34.4615,-89.6845,6/2/2012,0.95,6.1,12459,all,1
501,NLA12_MS-112,NLA12_MS-112,MS,33.5931,-88.5109,7/29/2012,1.05,2.53,2.95957,all,1
502,NLA12_MS-119,NLA12_MS-119,MS,32.9205,-90.014,6/7/2012,0.8,8.12,8.52387,all,1
503,NLA12_MS-125,NLA12_MS-125,MS,32.3096,-89.0233,7/28/2012,0.35,13.1,1.9178,all,1
504,NLA12_MS-126,NLA12_MS-126,MS,30.8227,-89.7755,7/24/2012,0.45,5,5.03924,all,1
505,NLA12_MS-128,NLA12_MS-128,MS,34.3139,-88.5947,7/30/2012,1.2,2.14,7.80925,all,1
506,NLA12_MT-119,NLA12_MT-119,MT,48.4124,-110.058,8/30/2012,0.24,29.9,18.7196,all,1
507,NLA12_MT-135,NLA12_MT-135,MT,48.0266,-109.624,8/28/2012,0.325,32.3,9.82018,all,1
508,NLA12_MT-138,NLA12_MT-138,MT,47.7617,-108.433,6/21/2012,0.655,4.46,4.34005,all,1
509,NLA12_NC-107,NLA12_NC-107,NC,35.3472,-78.6216,5/23/2012,2.45,1.24,1.4677,all,1
510,NLA12_NC-115,NLA12_NC-115,NC,35.2241,-78.8155,8/11/2012,0.55,1.67,6.7061,all,1
511,NLA12_NC-134,NLA12_NC-134,NC,35.7105,-78.1572,8/22/2012,0.85,5.16,309.843,all,1
512,NLA12_ND-115,NLA12_ND-115,ND,46.826,-100.634,5/16/2012,2.2,1.6,3.87322,all,1
513,NLA12_ND-163,NLA12_ND-163,ND,46.5439,-104.028,6/14/2012,0.775,12.5,3.78758,all,1
514,NLA12_NE-129,NLA12_NE-129,NE,41.3862,-96.4811,7/25/2012,0.25,17,43.7105,all,1
515,NLA12_NE-149,NLA12_NE-149,NE,40.9465,-100.243,8/24/2012,0.15,30.6,4.71896,all,1
516,NLA12_NE-157,NLA12_NE-157,NE,41.0924,-96.3533,8/29/2012,1.32,2.55,37.8389,all,1
517,NLA12_NE-166,NLA12_NE-166,NE,40.7203,-99.6973,8/25/2012,0.95,3.54,3.83936,all,1
518,NLA12_NH-107,NLA12_NH-107,NH,42.9455,-71.2368,7/31/2012,2.15,1.63,4.0748,all,1
519,NLA12_NJ-108,NLA12_NJ-108,NJ,39.8495,-74.7873,9/25/2012,1.05,1.53,28.6975,all,1
520,NLA12_NJ-118,NLA12_NJ-118,NJ,40.7999,-74.7847,7/10/2012,1.4,2.88,2.53182,all,1
521,NLA12_NM-104,NLA12_NM-104,NM,35.9748,-105.917,6/1/2012,2.6,1.96,40.8001,all,1
522,NLA12_NM-150,NLA12_NM-150,NM,36.7118,-108.153,6/6/2012,0.24,18.3,17.2419,all,1
523,NLA12_NM-160,NLA12_NM-160,NM,35.6671,-105.242,6/11/2012,0.11,58.1,437.494,all,1
524,NLA12_NM-162,NLA12_NM-162,NM,36.8723,-106.929,8/17/2012,5.8,0.49,17.382,all,1
525,NLA12_NV-127,NLA12_NV-127,NV,41.7574,-115.722,6/12/2012,2.2,1.33,23.6351,all,1
526,NLA12_OK-101,NLA12_OK-101,OK,34.9536,-96.7182,6/12/2012,0.825,5.36,533.124,all,1
527,NLA12_OK-118,NLA12_OK-118,OK,35.1744,-99.0775,5/23/2012,0.605,19.4,141.513,all,1
528,NLA12_OK-119,NLA12_OK-119,OK,34.2848,-97.171,7/24/2012,0.49,11.7,160.737,all,1
529,NLA12_OK-122,NLA12_OK-122,OK,34.3737,-98.3393,5/21/2012,0.135,43.5,51.2172,all,1
530,NLA12_OK-132,NLA12_OK-132,OK,34.729,-97.773,8/7/2012,1.59,7.27,14.492,all,1
531,NLA12_OK-133,NLA12_OK-133,OK,36.3873,-96.8232,9/4/2012,0.29,16.2,9.51896,all,1
532,NLA12_OK-285,NLA12_OK-285,OK,34.6708,-96.652,9/10/2012,0.76,5.29,6.88515,all,1
533,NLA12_OK-286,NLA12_OK-286,OK,36.397,-97.2751,9/5/2012,0.135,48.6,3.00375,all,1
534,NLA12_OK-288,NLA12_OK-288,OK,34.228,-96.4181,8/1/2012,3.95,1.37,5.12374,all,1
535,NLA12_OK-292,NLA12_OK-292,OK,34.6436,-97.8528,8/8/2012,0.185,38.2,40.783,all,1
536,NLA12_OK-293,NLA12_OK-293,OK,35.4463,-99.2895,5/29/2012,28,33.8,10.1301,all,1
537,NLA12_OK-306,NLA12_OK-306,OK,35.831,-97.2701,7/23/2012,1.3,3.26,6.68264,all,1
538,NLA12_OR-102,NLA12_OR-102,OR,43.414,-119.41,8/9/2012,0.0195,145,107.83,all,1
539,NLA12_OR-104,NLA12_OR-104,OR,44.093,-123.276,7/9/2012,1.35,5.79,3230.28,all,1
540,NLA12_OR-105,NLA12_OR-105,OR,44.6813,-118.052,8/6/2012,2.9,1.56,911.818,all,1
541,NLA12_OR-106,NLA12_OR-106,OR,44.3131,-122.045,7/10/2012,16.4,0.14,63.6916,all,1
542,NLA12_OR-110,NLA12_OR-110,OR,43.3768,-123.264,6/18/2012,2.05,1.08,52.6616,all,1
543,NLA12_OR-112,NLA12_OR-112,OR,43.9309,-118.154,8/8/2012,1.6,4.47,716.788,all,1
544,NLA12_OR-113,NLA12_OR-113,OR,42.1578,-122.608,7/16/2012,2.5,1.51,256.495,all,1
545,NLA12_OR-131,NLA12_OR-131,OR,44.5489,-123.343,6/21/2012,1.5,2.01,39.0486,all,1
546,NLA12_OR-133,NLA12_OR-133,OR,43.5953,-123.279,6/20/2012,2.1,1.95,14.3023,all,1
547,NLA12_OR-154,NLA12_OR-154,OR,44.3626,-117.694,8/7/2012,3.45,0.9,202.392,all,1
548,NLA12_OR-155,NLA12_OR-155,OR,42.4105,-122.77,7/18/2012,2.05,3.52,70.5646,all,1
549,NLA12_OR-169,NLA12_OR-169,OR,43.9652,-122.684,7/11/2012,4.05,1.37,709.529,all,1
550,NLA12_PA-102,NLA12_PA-102,PA,40.1118,-75.8615,9/5/2012,0.85,9.35,63.1961,all,1
551,NLA12_PA-105,NLA12_PA-105,PA,41.9714,-75.8798,7/10/2012,2.6,1.22,12.6195,all,1
552,NLA12_PA-115,NLA12_PA-115,PA,40.9994,-80.4931,8/22/2012,3.75,1.69,10.5763,all,1
553,NLA12_PA-117,NLA12_PA-117,PA,40.9232,-75.162,8/1/2012,1.15,15.2,1.62895,all,1
554,NLA12_PA-R11,NLA12_PA-R11,PA,39.7577,-79.5516,7/24/2012,2.4,0.9,98.8031,all,1
555,NLA12_SC-103,NLA12_SC-103,SC,35.0622,-82.6953,6/5/2012,7.35,0.25,183.885,all,1
556,NLA12_SC-127,NLA12_SC-127,SC,32.9428,-80.4174,8/15/2012,1.35,2.67,34.972,all,1
557,NLA12_SD-119,NLA12_SD-119,SD,43.1843,-104.02,7/31/2012,0.55,3.43,15.1881,all,1
558,NLA12_SD-124,NLA12_SD-124,SD,45.8707,-103.705,6/19/2012,0.45,16,2.61633,all,1
559,NLA12_SD-133,NLA12_SD-133,SD,44.4774,-99.3141,7/23/2012,0.6,11.5,4.90404,all,1
560,NLA12_SD-137,NLA12_SD-137,SD,43.2787,-99.6551,8/7/2012,2.2,0.62,1.77256,all,1
561,NLA12_SD-143,NLA12_SD-143,SD,43.8901,-101.152,8/16/2012,1.05,17.3,22.0956,all,1
562,NLA12_SD-165,NLA12_SD-165,SD,44.322,-99.7324,7/26/2012,2.55,0.45,4.51125,all,1
563,NLA12_SD-172,NLA12_SD-172,SD,44.8709,-103.003,6/20/2012,1.15,3.48,4.62521,all,1
564,NLA12_SD-212,NLA12_SD-212,SD,45.0912,-100.492,7/27/2012,2.15,1.32,3.62038,all,1
565,NLA12_TN-106,NLA12_TN-106,TN,35.1213,-88.5025,9/12/2012,0.725,4.05,1.69291,all,1
566,NLA12_TN-114,NLA12_TN-114,TN,35.5334,-88.7938,5/31/2012,0.55,33.3,4.92212,all,1
567,NLA12_TN-R01,NLA12_TN-R01,TN,35.1068,-84.5879,9/19/2012,5,0.58,744.612,all,1
568,NLA12_TX-117,NLA12_TX-117,TX,33.0671,-95.738,6/19/2012,0.325,18.4,14.7144,all,1
569,NLA12_TX-135,NLA12_TX-135,TX,26.622,-98.0612,6/26/2012,0.385,14,6.72271,all,1
570,NLA12_TX-158,NLA12_TX-158,TX,26.0697,-97.5616,6/24/2012,0.475,9.16,14.0497,all,1
571,NLA12_TX-160,NLA12_TX-160,TX,32.8469,-96.8865,6/22/2012,0.45,5.78,24.6133,all,1
572,NLA12_TX-161,NLA12_TX-161,TX,29.6166,-95.6484,9/19/2012,0.4,16.4,7.59078,all,1
573,NLA12_TX-165,NLA12_TX-165,TX,33.8336,-95.6321,6/18/2012,1.35,2.54,2386.7,all,1
574,NLA12_TX-176,NLA12_TX-176,TX,32.4657,-96.2002,7/10/2012,0.35,18.4,3.51444,all,1
575,NLA12_TX-199,NLA12_TX-199,TX,32.0483,-95.9987,8/29/2012,0.15,83.2,6.17689,all,1
576,NLA12_TX-201,NLA12_TX-201,TX,30.5589,-95.4971,7/18/2012,1.32,2.4,2.95251,all,1
577,NLA12_TX-205,NLA12_TX-205,TX,29.1269,-95.5817,7/27/2012,1.46,2.09,80.0241,all,1
578,NLA12_TX-218,NLA12_TX-218,TX,33.563,-97.0164,8/22/2012,0.55,7.65,203.148,all,1
579,NLA12_TX-232,NLA12_TX-232,TX,33.1705,-95.0912,9/18/2012,1.32,2.17,2.07953,all,1
580,NLA12_TX-235,NLA12_TX-235,TX,31.9239,-94.0803,9/20/2012,0.8,4.54,5.12288,all,1
581,NLA12_UT-186,NLA12_UT-186,UT,38.2351,-112.463,6/28/2012,1.14,5.5,9.62429,all,1
582,NLA12_UT-210,NLA12_UT-210,UT,38.7882,-111.775,7/11/2012,3.28,1.61,6.73678,all,1
583,NLA12_VA-109,NLA12_VA-109,VA,37.3526,-79.9264,6/5/2012,1.3,3.03,2.53385,all,1
584,NLA12_VA-111,NLA12_VA-111,VA,37.2026,-77.3529,7/10/2012,0.61,6.04,5.74043,all,1
585,NLA12_VA-114,NLA12_VA-114,VA,37.9753,-78.4281,6/14/2012,0.88,4.09,1.10443,all,1
586,NLA12_VA-116,NLA12_VA-116,VA,36.9385,-79.9285,6/6/2012,1.53,3.01,1.96282,all,1
587,NLA12_VA-118,NLA12_VA-118,VA,38.6636,-77.6684,7/17/2012,0.12,47.6,2.04113,all,1
588,NLA12_VA-123,NLA12_VA-123,VA,36.9178,-76.1517,8/8/2012,0.265,14.8,4.15494,all,1
589,NLA12_VA-126,NLA12_VA-126,VA,38.5575,-78.9698,7/26/2012,0.7,6.97,3.75108,all,1
590,NLA12_VA-130,NLA12_VA-130,VA,37.9936,-78.1776,8/15/2012,1.1,3.22,12.7118,all,1
591,NLA12_VA-R14,NLA12_VA-R14,VA,36.7499,-79.8736,7/24/2012,3.25,1.57,1.46055,all,1
592,NLA12_VA-R18,NLA12_VA-R18,VA,37.4127,-76.7105,8/7/2012,0.375,15.9,3.95627,all,1
593,NLA12_WA-106,NLA12_WA-106,WA,46.4965,-122.411,7/24/2012,0.9,5.36,84.033,all,1
594,NLA12_WA-109,NLA12_WA-109,WA,48.7087,-122.327,8/14/2012,2.48,0.64,10.3147,all,1
595,NLA12_WA-131,NLA12_WA-131,WA,48.3957,-120.185,8/8/2012,4.42,0.58,8.69157,all,1
596,NLA12_WI-129,NLA12_WI-129,WI,43.422,-87.9594,8/7/2012,1.9,3.4,2.07836,all,1
597,NLA12_WI-172,NLA12_WI-172,WI,43.4977,-89.2988,7/14/2012,0.55,6.3,35.4437,all,1
598,NLA12_WV-101,NLA12_WV-101,WV,39.4694,-79.4987,6/19/2012,4.82,0.33,60.8871,all,1
599,NLA12_WV-105,NLA12_WV-105,WV,38.3655,-81.2528,9/10/2012,0.5,11.7,2.6633,all,1
600,NLA12_WV-106,NLA12_WV-106,WV,38.9458,-80.4278,6/13/2012,2.38,2.07,1556.2,all,1
601,NLA12_WV-111,NLA12_WV-111,WV,39.5159,-80.4101,6/27/2012,2.72,1.16,5.19867,all,1
602,NLA12_WV-112,NLA12_WV-112,WV,38.8371,-82.1245,6/28/2012,0.425,7.61,10.1928,all,1
603,NLA12_WV-113,NLA12_WV-113,WV,38.4914,-79.3148,6/26/2012,1.25,3.32,3.78569,all,1
604,NLA12_WV-R01,NLA12_WV-R01,WV,37.9749,-80.9538,6/27/2012,4.2,0.69,6.96646,all,1
605,NLA12_WY-135,NLA12_WY-135,WY,41.5112,-105.417,7/11/2012,2.62,1.46,1.75877,all,1
606,NLA17_AL-10002,NLA17_AL-10002,AL,33.6733,-86.1645,8/14/2017,0.95,5.52,10363.3,all,1
607,NLA17_AL-10003,NLA17_AL-10003,AL,32.5172,-87.787,7/12/2017,0.45,25.8,4731.47,all,1
608,NLA17_AL-10018,NLA17_AL-10018,AL,33.2277,-87.1564,8/15/2017,2.1,1.9,11.1708,all,1
609,NLA17_AL-10020,NLA17_AL-10020,AL,31.2226,-85.6484,8/17/2017,2.25,4.74,1.40246,all,1
610,NLA17_AL-HP001,NLA17_AL-HP001,AL,33.2895,-87.686,9/6/2017,2.4,2.09,91.0347,all,1
611,NLA17_AR-10002,NLA17_AR-10002,AR,34.4176,-93.0701,6/12/2017,1.82,2.41,2428.92,all,1
612,NLA17_AR-10003,NLA17_AR-10003,AR,33.0756,-92.6606,8/3/2017,1.45,3.58,7.295,all,1
613,NLA17_AR-10004,NLA17_AR-10004,AR,34.6006,-92.5001,9/14/2017,1.25,4.95,2.0618,all,1
614,NLA17_AR-10021,NLA17_AR-10021,AR,33.64,-94.1423,8/10/2017,0.375,16.4,18.1904,all,1
615,NLA17_AR-HP001,NLA17_AR-HP001,AR,34.2145,-94.2147,7/20/2017,1.96,2.22,392.201,all,1
616,NLA17_AZ-10012,NLA17_AZ-10012,AZ,31.4246,-110.452,6/28/2017,2.55,1.52,52.0938,all,1
617,NLA17_AZ-10035,NLA17_AZ-10035,AZ,33.5115,-111.908,5/11/2017,1.23,4.31,5.07132,all,1
618,NLA17_AZ-10041,NLA17_AZ-10041,AZ,32.8183,-114.463,5/2/2017,0.45,17.6,155.176,all,1
619,NLA17_CA-10005,NLA17_CA-10005,CA,33.8012,-117.81,7/10/2017,1.4,3.63,70.103,all,1
620,NLA17_CA-10006,NLA17_CA-10006,CA,39.7262,-122.842,6/21/2017,2.35,1.62,1.03338,all,1
621,NLA17_CA-10021,NLA17_CA-10021,CA,35.6716,-120.571,7/11/2017,0.1,73.7,1.403,all,1
622,NLA17_CA-10064,NLA17_CA-10064,CA,38.0832,-122.518,6/5/2017,1.12,6.95,40.6509,all,1
623,NLA17_CA-10069,NLA17_CA-10069,CA,38.1423,-120.855,9/12/2017,2.4,3.62,4.8963,all,1
624,NLA17_CA-10081,NLA17_CA-10081,CA,37.6695,-121.836,6/14/2017,6.2,0.95,26.9818,all,1
625,NLA17_CO-10050,NLA17_CO-10050,CO,39.5761,-105.042,7/30/2017,3.65,1.15,12.9346,all,1
626,NLA17_CO-10057,NLA17_CO-10057,CO,40.527,-104.999,7/30/2017,0.8,5.72,15.8394,all,1
627,NLA17_CO-10058,NLA17_CO-10058,CO,39.8427,-104.946,8/11/2017,2.05,2.08,7.45278,all,1
628,NLA17_CT-10019,NLA17_CT-10019,CT,41.1395,-73.6235,9/6/2017,0.85,8.31,1.71924,all,1
629,NLA17_CT-HP001,NLA17_CT-HP001,CT,41.4099,-72.5283,6/21/2017,2.44,1.35,23.8874,all,1
630,NLA17_DE-10006,NLA17_DE-10006,DE,39.0453,-75.7153,7/10/2017,0.545,8.21,1.16028,all,1
631,NLA17_FL-10015,NLA17_FL-10015,FL,26.9467,-82.0231,8/2/2017,1.5,0.91,1.44886,all,1
632,NLA17_FL-10030,NLA17_FL-10030,FL,26.6388,-80.164,8/24/2017,3.88,0.68,8.32417,all,1
633,NLA17_FL-10035,NLA17_FL-10035,FL,27.7046,-82.4335,6/1/2017,0.188,55.6,3.18922,all,1
634,NLA17_FL-10038,NLA17_FL-10038,FL,30.657,-84.433,7/26/2017,0.85,5.1,4.26381,all,1
635,NLA17_FL-10042,NLA17_FL-10042,FL,26.3894,-80.1149,9/6/2017,0.55,10.9,11.1906,all,1
636,NLA17_GA-10001,NLA17_GA-10001,GA,31.0599,-81.4132,6/6/2017,1.05,5.58,9.7414,all,1
637,NLA17_GA-10005,NLA17_GA-10005,GA,32.639,-83.9664,6/20/2017,0.41,59.3,2.44459,all,1
638,NLA17_GA-10008,NLA17_GA-10008,GA,33.0146,-83.0266,7/26/2017,4.6,1.74,2.64295,all,1
639,NLA17_GA-10020,NLA17_GA-10020,GA,31.7557,-83.4996,6/21/2017,1.36,2.17,1.91456,all,1
640,NLA17_GA-10022,NLA17_GA-10022,GA,32.4372,-82.0736,7/12/2017,1.94,3.82,13.3513,all,1
641,NLA17_GA-10026,NLA17_GA-10026,GA,33.8338,-84.0932,8/8/2017,0.98,7.86,14.2957,all,1
642,NLA17_GA-HP001,NLA17_GA-HP001,GA,31.0197,-83.1275,6/29/2017,1.7,3.71,3291.45,all,1
643,NLA17_GA-HP002,NLA17_GA-HP002,GA,34.7301,-83.3526,8/15/2017,1.7,2.82,199.795,all,1
644,NLA17_IA-10030,NLA17_IA-10030,IA,42.6076,-94.4516,7/26/2017,0.2,46.2,1.61202,all,1
645,NLA17_IA-10031,NLA17_IA-10031,IA,41.5359,-94.8811,7/20/2017,1.55,4.47,3.11818,all,1
646,NLA17_IA-10038,NLA17_IA-10038,IA,42.7296,-93.4174,8/2/2017,0.85,15.4,6.8894,all,1
647,NLA17_IA-10041,NLA17_IA-10041,IA,41.3352,-91.5446,9/8/2017,1.05,7.34,4.18006,all,1
648,NLA17_IA-HP001,NLA17_IA-HP001,IA,42.4789,-92.3888,7/26/2017,1.2,1.63,7.40868,all,1
649,NLA17_IA-HP002,NLA17_IA-HP002,IA,40.5967,-93.7723,6/7/2017,4.3,1.22,28.3668,all,1
650,NLA17_ID-10002,NLA17_ID-10002,ID,42.677,-113.407,7/20/2017,1.15,6.79,3395.55,all,1
651,NLA17_ID-10005,NLA17_ID-10005,ID,42.2385,-111.853,7/18/2017,1.6,3.57,61.4749,all,1
652,NLA17_ID-10010,NLA17_ID-10010,ID,44.3291,-116.184,7/10/2017,5.75,1.17,71.5722,all,1
653,NLA17_ID-10011,NLA17_ID-10011,ID,42.8976,-111.967,7/19/2017,4.45,1.56,504.188,all,1
654,NLA17_ID-10032,NLA17_ID-10032,ID,42.1606,-113.939,9/7/2017,1.8,2.94,407.395,all,1
655,NLA17_ID-10059,NLA17_ID-10059,ID,42.9656,-115.843,7/12/2017,3.3,1.67,31.0892,all,1
656,NLA17_ID-10075,NLA17_ID-10075,ID,42.3494,-115.902,7/17/2017,0.9,17,35.6203,all,1
657,NLA17_ID-10168,NLA17_ID-10168,ID,46.7701,-116.172,8/31/2017,1.95,2.93,30.6239,all,1
658,NLA17_ID-10173,NLA17_ID-10173,ID,44.3734,-115.985,8/17/2017,2.75,2.31,16.0962,all,1
659,NLA17_ID-10175,NLA17_ID-10175,ID,43.2516,-114.812,8/23/2017,1.6,8.09,641.405,all,1
660,NLA17_IL-10004,NLA17_IL-10004,IL,40.5121,-90.1486,6/29/2017,2.55,2.09,72.9032,all,1
661,NLA17_IL-10005,NLA17_IL-10005,IL,37.8208,-88.9007,8/16/2017,1.55,3.57,1.85214,all,1
662,NLA17_IL-10006,NLA17_IL-10006,IL,40.4802,-88.103,6/7/2017,1.65,3.88,1.73454,all,1
663,NLA17_IL-10010,NLA17_IL-10010,IL,38.3323,-89.8564,8/22/2017,1.25,4.67,1.33415,all,1
664,NLA17_IL-10021,NLA17_IL-10021,IL,37.6689,-88.767,8/15/2017,1.55,2.86,31.9294,all,1
665,NLA17_IN-10002,NLA17_IN-10002,IN,38.213,-87.1161,7/6/2017,3.35,1.11,10.9151,all,1
666,NLA17_IN-10013,NLA17_IN-10013,IN,38.739,-86.9952,9/5/2017,0.25,77.4,10.445,all,1
667,NLA17_IN-10026,NLA17_IN-10026,IN,39.779,-85.5635,8/3/2017,0.35,21,7.32747,all,1
668,NLA17_IN-10068,NLA17_IN-10068,IN,40.5327,-85.6291,7/27/2017,0.775,18.8,2.22333,all,1
669,NLA17_IN-10070,NLA17_IN-10070,IN,39.0349,-87.2372,9/20/2017,3.8,0.95,7.99848,all,1
670,NLA17_IN-10076,NLA17_IN-10076,IN,39.2342,-85.7344,8/28/2017,1.55,28.6,2.71925,all,1
671,NLA17_IN-10077,NLA17_IN-10077,IN,37.957,-87.4016,7/19/2017,0.85,12.5,1.5474,all,1
672,NLA17_IN-10089,NLA17_IN-10089,IN,39.0695,-85.1894,8/9/2017,1.75,3.24,1.44123,all,1
673,NLA17_IN-10094,NLA17_IN-10094,IN,41.5379,-87.5017,8/1/2017,1.5,5.48,5.77861,all,1
674,NLA17_IN-10096,NLA17_IN-10096,IN,39.3234,-86.8,8/30/2017,1.15,4.76,1.07119,all,1
675,NLA17_IN-10102,NLA17_IN-10102,IN,39.4468,-87.3494,9/14/2017,0.55,7.71,31.4834,all,1
676,NLA17_IN-10105,NLA17_IN-10105,IN,38.6974,-85.7042,8/11/2017,1.25,6.01,6.32815,all,1
677,NLA17_IN-10108,NLA17_IN-10108,IN,38.3251,-87.0556,8/8/2017,2.15,3.56,1.61238,all,1
678,NLA17_IN-10109,NLA17_IN-10109,IN,38.0649,-87.2974,7/20/2017,4.3,1.17,2.97935,all,1
679,NLA17_IN-10122,NLA17_IN-10122,IN,39.5711,-87.0914,9/7/2017,0.95,4.55,4.91025,all,1
680,NLA17_IN-10125,NLA17_IN-10125,IN,41.4362,-87.1835,7/31/2017,0.65,8.06,3.29065,all,1
681,NLA17_IN-10126,NLA17_IN-10126,IN,39.394,-86.038,8/16/2017,1.1,3.64,7.73461,all,1
682,NLA17_IN-10133,NLA17_IN-10133,IN,39.0661,-87.3495,7/19/2017,1.05,3.41,2.75992,all,1
683,NLA17_IN-10134,NLA17_IN-10134,IN,39.7572,-85.4159,7/28/2017,0.775,7.41,1.02072,all,1
684,NLA17_IN-10136,NLA17_IN-10136,IN,38.1268,-86.2428,7/21/2017,0.65,14.8,1.14096,all,1
685,NLA17_IN-10138,NLA17_IN-10138,IN,40.4347,-86.1621,7/26/2017,1.65,3.09,4.92874,all,1
686,NLA17_IN-10139,NLA17_IN-10139,IN,38.8426,-85.8283,8/10/2017,0.95,40.6,4.49244,all,1
687,NLA17_IN-10141,NLA17_IN-10141,IN,41.5615,-87.3042,8/14/2017,2.45,1.61,8.63586,all,1
688,NLA17_IN-10171,NLA17_IN-10171,IN,41.3449,-87.412,8/15/2017,0.35,32.2,11.7947,all,1
689,NLA17_IN-10173,NLA17_IN-10173,IN,39.2989,-86.7025,9/19/2017,0.55,10.5,1.38779,all,1
690,NLA17_KS-10001,NLA17_KS-10001,KS,39.3321,-97.3749,6/7/2017,0.075,343,10.2348,all,1
691,NLA17_KS-10003,NLA17_KS-10003,KS,38.126,-96.3096,6/12/2017,0.5,14.6,16.1022,all,1
692,NLA17_KS-10005,NLA17_KS-10005,KS,39.3488,-95.0421,6/6/2017,0.85,10.2,4.30213,all,1
693,NLA17_KS-10006,NLA17_KS-10006,KS,38.4656,-95.7363,6/11/2017,0.15,50.6,12.1901,all,1
694,NLA17_KS-10010,NLA17_KS-10010,KS,37.6557,-97.3995,6/15/2017,1.55,2.88,7.75703,all,1
695,NLA17_KS-10011,NLA17_KS-10011,KS,38.2035,-98.2024,6/13/2017,0.55,5.78,3.39312,all,1
696,NLA17_KS-10025,NLA17_KS-10025,KS,37.5045,-94.6852,6/20/2017,0.15,52.9,4.46134,all,1
697,NLA17_KS-10028,NLA17_KS-10028,KS,39.8355,-96.5596,6/8/2017,0.275,30.5,1.46318,all,1
698,NLA17_KS-10033,NLA17_KS-10033,KS,37.2252,-97.0316,6/18/2017,0.175,30.3,1.06772,all,1
699,NLA17_KS-10034,NLA17_KS-10034,KS,39.0037,-95.6276,6/9/2017,1.5,5.03,154.954,all,1
700,NLA17_KS-10035,NLA17_KS-10035,KS,37.6423,-97.7384,6/16/2017,0.075,61.5,1.65473,all,1
701,NLA17_KS-HP001,NLA17_KS-HP001,KS,37.0921,-96.7989,6/29/2017,0.95,8.11,28.5582,all,1
702,NLA17_KS-HP002,NLA17_KS-HP002,KS,37.2355,-96.1901,6/29/2017,2.05,2.55,173.972,all,1
703,NLA17_KS-HP003,NLA17_KS-HP003,KS,38.9485,-98.5687,6/30/2017,1.05,6.95,3391.56,all,1
704,NLA17_KY-10004,NLA17_KY-10004,KY,36.8752,-88.4895,6/14/2017,0.35,23.7,16.1826,all,1
705,NLA17_KY-10017,NLA17_KY-10017,KY,37.4058,-87.7858,6/13/2017,1.55,4.16,1.04185,all,1
706,NLA17_KY-10023,NLA17_KY-10023,KY,37.4046,-87.5203,6/12/2017,2.95,1.35,11.4832,all,1
707,NLA17_KY-10024,NLA17_KY-10024,KY,37.5409,-84.18,6/20/2017,1.75,3.71,63.1276,all,1
708,NLA17_LA-10024,NLA17_LA-10024,LA,30.5465,-90.5009,7/6/2017,2.05,3.38,5.63481,all,1
709,NLA17_LA-10046,NLA17_LA-10046,LA,30.7823,-90.1467,7/19/2017,0.625,8.06,1.6418,all,1
710,NLA17_MD-10003,NLA17_MD-10003,MD,39.127,-77.1309,6/12/2017,1.15,5.82,77.2787,all,1
711,NLA17_MD-10015,NLA17_MD-10015,MD,38.4806,-76.6446,7/27/2017,0.85,2.38,6.48458,all,1
712,NLA17_MD-10038,NLA17_MD-10038,MD,38.7235,-76.0944,7/31/2017,0.25,12.7,4.22922,all,1
713,NLA17_MI-10025,NLA17_MI-10025,MI,42.8745,-85.6107,6/23/2017,0.55,11.6,1.20031,all,1
714,NLA17_MI-10095,NLA17_MI-10095,MI,43.3936,-83.4172,6/1/2017,5.1,0.96,2.24259,all,1
715,NLA17_MO-10001,NLA17_MO-10001,MO,37.808,-94.2067,6/15/2017,0.335,24.4,11.7549,all,1
716,NLA17_MO-10005,NLA17_MO-10005,MO,37.6485,-90.5885,8/8/2017,0.88,7.72,70.6473,all,1
717,NLA17_MO-10008,NLA17_MO-10008,MO,38.6297,-92.6039,6/21/2017,0.61,18.1,2.48268,all,1
718,NLA17_MO-10010,NLA17_MO-10010,MO,38.005,-92.0775,7/6/2017,0.92,6.36,1.02737,all,1
719,NLA17_MO-10015,NLA17_MO-10015,MO,38.4475,-93.8654,7/20/2017,0.5,6.43,1.94029,all,1
720,NLA17_MO-10027,NLA17_MO-10027,MO,38.8419,-91.2473,6/28/2017,0.395,30.7,4.55819,all,1
721,NLA17_MO-10028,NLA17_MO-10028,MO,37.7836,-93.9358,8/30/2017,1.1,6.54,2.20515,all,1
722,NLA17_MO-10043,NLA17_MO-10043,MO,39.5984,-91.6498,9/25/2017,0.36,5.7,1.71029,all,1
723,NLA17_MO-HP001,NLA17_MO-HP001,MO,37.7269,-90.9173,6/22/2017,3.15,1.41,124.366,all,1
724,NLA17_MO-HP002,NLA17_MO-HP002,MO,40.3133,-94.031,6/7/2017,3.25,2.11,20.9576,all,1
725,NLA17_MO-HP003,NLA17_MO-HP003,MO,39.3417,-91.1532,6/9/2017,1.45,3.53,19.667,all,1
726,NLA17_MO-HP004,NLA17_MO-HP004,MO,40.1706,-92.6556,6/8/2017,1.6,3.48,252.504,all,1
727,NLA17_MO-HP005,NLA17_MO-HP005,MO,40.497,-91.766,6/8/2017,0.4,29.6,31.2457,all,1
728,NLA17_MO-HP006,NLA17_MO-HP006,MO,36.6358,-91.0511,6/21/2017,4.7,0.99,17.6838,all,1
729,NLA17_MO-HP007,NLA17_MO-HP007,MO,37.387,-91.2611,6/21/2017,4.85,0.92,8.8966,all,1
730,NLA17_MO-HP008,NLA17_MO-HP008,MO,37.4184,-90.6178,6/20/2017,1.95,1.93,38.7371,all,1
731,NLA17_MO-HP009,NLA17_MO-HP009,MO,37.5939,-90.7787,6/22/2017,3.3,1.15,20.0218,all,1
732,NLA17_MO-HP010,NLA17_MO-HP010,MO,37.9519,-90.9282,6/20/2017,3.95,1.21,71.3249,all,1
733,NLA17_MS-10003,NLA17_MS-10003,MS,34.4615,-89.6845,7/11/2017,1.4,2.96,12459,all,1
734,NLA17_MS-10006,NLA17_MS-10006,MS,33.5932,-88.5115,7/25/2017,1.3,4.76,2.95957,all,1
735,NLA17_MS-10007,NLA17_MS-10007,MS,34.314,-88.5935,7/12/2017,2.14,1.62,7.80925,all,1
736,NLA17_MS-10008,NLA17_MS-10008,MS,34.871,-88.9812,8/23/2017,1.52,6.53,1.25052,all,1
737,NLA17_MS-10013,NLA17_MS-10013,MS,34.9018,-90.0583,8/24/2017,0.945,9.41,2.74732,all,1
738,NLA17_MS-10015,NLA17_MS-10015,MS,31.8919,-90.6014,9/19/2017,1.2,5.61,35.4988,all,1
739,NLA17_MS-10021,NLA17_MS-10021,MS,30.8229,-89.7742,9/7/2017,0.605,8.94,5.03924,all,1
740,NLA17_MT-10029,NLA17_MT-10029,MT,48.4462,-106.56,7/11/2017,0.305,35.8,7.01784,all,1
741,NLA17_MT-10065,NLA17_MT-10065,MT,48.776,-109.168,7/26/2017,0.375,28.8,3.12716,all,1
742,NLA17_MT-10102,NLA17_MT-10102,MT,44.602,-112.059,9/6/2017,0.8,6.37,3.04771,all,1
743,NLA17_MT-10129,NLA17_MT-10129,MT,48.7016,-109.28,9/6/2017,0.145,49.1,1.21666,all,1
744,NLA17_MT-HP001,NLA17_MT-HP001,MT,46.1002,-106.351,9/11/2017,1.5,2.93,1.00462,all,1
745,NLA17_NC-10005,NLA17_NC-10005,NC,35.2238,-78.8167,6/15/2017,0.6,3.38,6.7061,all,1
746,NLA17_NC-10009,NLA17_NC-10009,NC,35.8562,-78.0302,6/13/2017,0.25,50.7,5.00456,all,1
747,NLA17_NC-10010,NLA17_NC-10010,NC,36.1859,-79.3508,6/27/2017,1.15,3.69,1.05629,all,1
748,NLA17_NC-10011,NLA17_NC-10011,NC,35.1937,-81.965,7/25/2017,1.15,5.73,3.05417,all,1
749,NLA17_NC-10023,NLA17_NC-10023,NC,35.3336,-79.5508,9/20/2017,1.95,1.91,23.7367,all,1
750,NLA17_NC-10030,NLA17_NC-10030,NC,35.4312,-82.171,6/26/2017,3.6,1.58,18.614,all,1
751,NLA17_ND-10017,NLA17_ND-10017,ND,46.5436,-104.028,6/28/2017,0.75,10.2,3.78758,all,1
752,NLA17_ND-10081,NLA17_ND-10081,ND,48.8508,-102.84,8/10/2017,1.35,3.87,2.00286,all,1
753,NLA17_ND-HP001,NLA17_ND-HP001,ND,46.0355,-98.8802,8/23/2017,2.05,2.52,10.6467,all,1
754,NLA17_NE-10012,NLA17_NE-10012,NE,41.0924,-96.3533,7/18/2017,0.55,7.5,37.8389,all,1
755,NLA17_NE-10038,NLA17_NE-10038,NE,41.3862,-96.4811,7/19/2017,0.25,17,43.7105,all,1
756,NLA17_NE-10040,NLA17_NE-10040,NE,40.9465,-100.242,8/22/2017,0.135,34.4,4.71896,all,1
757,NLA17_NE-10047,NLA17_NE-10047,NE,41.0912,-97.5815,8/10/2017,0.075,220,3.77163,all,1
758,NLA17_NE-10054,NLA17_NE-10054,NE,41.1205,-96.3402,8/1/2017,0.575,8.67,10.3988,all,1
759,NLA17_NE-10059,NLA17_NE-10059,NE,40.8766,-100.068,7/10/2017,0.68,8.09,8.05485,all,1
760,NLA17_NE-10064,NLA17_NE-10064,NE,40.6848,-99.3764,8/9/2017,1.25,3.57,3.18987,all,1
761,NLA17_NE-10067,NLA17_NE-10067,NE,41.0873,-100.628,8/23/2017,0.825,12.8,7.9175,all,1
762,NLA17_NE-10070,NLA17_NE-10070,NE,41.4401,-96.7331,8/30/2017,0.53,6.35,1.40274,all,1
763,NLA17_NE-HP004,NLA17_NE-HP004,NE,42.4584,-103.116,6/15/2017,3.6,1.76,617.287,all,1
764,NLA17_NJ-10008,NLA17_NJ-10008,NJ,40.2255,-74.0052,7/12/2017,0.45,9.25,4.62674,all,1
765,NLA17_NJ-10010,NLA17_NJ-10010,NJ,39.935,-74.9239,8/8/2017,0.325,19.4,3.3961,all,1
766,NLA17_NJ-10023,NLA17_NJ-10023,NJ,40.9737,-74.2479,7/24/2017,2.5,1.65,161.579,all,1
767,NLA17_NJ-10025,NLA17_NJ-10025,NJ,40.8107,-74.7956,7/26/2017,0.75,9.31,2.78794,all,1
768,NLA17_NM-10001,NLA17_NM-10001,NM,35.9747,-105.917,6/20/2017,3.3,1.44,40.8001,all,1
769,NLA17_NM-10003,NLA17_NM-10003,NM,35.6671,-105.242,6/16/2017,0.7,10.2,437.494,all,1
770,NLA17_NM-10025,NLA17_NM-10025,NM,36.7746,-105.194,6/22/2017,3.2,2.14,2.23961,all,1
771,NLA17_NV-10018,NLA17_NV-10018,NV,39.5419,-119.779,5/30/2017,1.9,3.16,7.93342,all,1
772,NLA17_NV-10036,NLA17_NV-10036,NV,39.4578,-119.79,5/31/2017,1.28,2.72,2.28876,all,1
773,NLA17_NV-10124,NLA17_NV-10124,NV,36.0658,-115.114,6/9/2017,1.45,2.48,2.41501,all,1
774,NLA17_NV-10239,NLA17_NV-10239,NV,36.505,-114.41,6/8/2017,0.285,35.1,10.9107,all,1
775,NLA17_NY-10018,NLA17_NY-10018,NY,41.5871,-74.3842,8/25/2017,1.35,8.41,1.44113,all,1
776,NLA17_OH-10016,NLA17_OH-10016,OH,41.4918,-81.177,6/1/2017,0.7,10.6,1.19671,all,1
777,NLA17_OH-10028,NLA17_OH-10028,OH,41.5937,-84.6195,9/15/2017,1.75,1.98,18.779,all,1
778,NLA17_OH-10029,NLA17_OH-10029,OH,39.5576,-84.754,8/1/2017,1.15,4.47,1.25376,all,1
779,NLA17_OH-10031,NLA17_OH-10031,OH,40.992,-81.1746,7/10/2017,0.25,31.3,16.9045,all,1
780,NLA17_OK-10001,NLA17_OK-10001,OK,34.9645,-96.7076,6/7/2017,0.9,5.05,533.124,all,1
781,NLA17_OK-10005,NLA17_OK-10005,OK,34.729,-97.773,6/27/2017,2.36,2.2,14.492,all,1
782,NLA17_OK-10009,NLA17_OK-10009,OK,34.2886,-97.1654,6/26/2017,0.67,6.82,160.737,all,1
783,NLA17_OK-10011,NLA17_OK-10011,OK,35.1788,-99.0752,6/13/2017,0.2,68.8,141.513,all,1
784,NLA17_OK-10012,NLA17_OK-10012,OK,35.8308,-97.2703,7/31/2017,0.85,4.97,6.68264,all,1
785,NLA17_OK-10013,NLA17_OK-10013,OK,35.4454,-99.2905,6/20/2017,0.6,15.2,10.1301,all,1
786,NLA17_OK-10014,NLA17_OK-10014,OK,34.2283,-96.4186,8/29/2017,1.7,1.98,5.12374,all,1
787,NLA17_OK-10019,NLA17_OK-10019,OK,35.7533,-97.8654,9/11/2017,0.125,42.9,6.98818,all,1
788,NLA17_OK-10021,NLA17_OK-10021,OK,34.6465,-98,6/27/2017,1.84,1.88,1.7569,all,1
789,NLA17_OK-10022,NLA17_OK-10022,OK,36.1231,-95.5326,8/7/2017,0.425,12.3,1.45967,all,1
790,NLA17_OK-10050,NLA17_OK-10050,OK,36.1854,-96.9662,7/18/2017,0.91,6.82,1.18846,all,1
791,NLA17_OK-10055,NLA17_OK-10055,OK,35.0741,-97.7479,9/6/2017,2.7,2.48,12.7448,all,1
792,NLA17_OK-10066,NLA17_OK-10066,OK,36.4733,-96.3564,7/17/2017,0.15,73.9,2.16422,all,1
793,NLA17_OK-10083,NLA17_OK-10083,OK,35.401,-97.785,8/16/2017,0.35,16,1.70282,all,1
794,NLA17_OK-10086,NLA17_OK-10086,OK,36.9617,-96.7483,6/21/2017,1.45,4.13,1.58753,all,1
795,NLA17_OK-10095,NLA17_OK-10095,OK,35.284,-96.4314,8/22/2017,0.48,11,22.9212,all,1
796,NLA17_OK-10097,NLA17_OK-10097,OK,36.9205,-95.1549,9/25/2017,0.265,39.8,1.73051,all,1
797,NLA17_OK-10098,NLA17_OK-10098,OK,35.6718,-97.8267,9/11/2017,0.175,31.5,1.54509,all,1
798,NLA17_OK-HP001,NLA17_OK-HP001,OK,36.8486,-102.875,6/21/2017,0.3,15.4,63.5788,all,1
799,NLA17_OK-HP002,NLA17_OK-HP002,OK,36.5148,-96.1912,6/11/2017,1,5.92,449.47,all,1
800,NLA17_OK-HP004,NLA17_OK-HP004,OK,34.6794,-98.606,9/29/2017,1.75,3.63,1.97755,all,1
801,NLA17_OR-10003,NLA17_OR-10003,OR,43.9309,-118.154,7/11/2017,1.05,7.02,716.788,all,1
802,NLA17_OR-10006,NLA17_OR-10006,OR,44.6813,-118.052,8/29/2017,1.35,3.23,911.818,all,1
803,NLA17_OR-10009,NLA17_OR-10009,OR,44.3629,-117.694,7/13/2017,2.85,1.37,202.392,all,1
804,NLA17_OR-10051,NLA17_OR-10051,OR,44.1894,-120.451,8/14/2017,0.2,217,10.8569,all,1
805,NLA17_PA-10005,NLA17_PA-10005,PA,40.1124,-75.8638,6/21/2017,0.85,6.52,63.1961,all,1
806,NLA17_PA-10010,NLA17_PA-10010,PA,39.9802,-77.1769,6/20/2017,0.75,5.5,1.81044,all,1
807,NLA17_PA-10013,NLA17_PA-10013,PA,41.1272,-79.3585,7/11/2017,0.99,6.09,1.30561,all,1
808,NLA17_PA-10025,NLA17_PA-10025,PA,41.0299,-80.2398,7/12/2017,0.7,7.23,3.67627,all,1
809,NLA17_PA-HP001,NLA17_PA-HP001,PA,40.2703,-78.6823,7/11/2017,2.72,1.97,18.9299,all,1
810,NLA17_SC-10003,NLA17_SC-10003,SC,34.3572,-81.7629,6/29/2017,0.55,6.6,4.83932,all,1
811,NLA17_SC-10010,NLA17_SC-10010,SC,35.0625,-82.6875,8/1/2017,6.4,0.97,183.885,all,1
812,NLA17_SC-10023,NLA17_SC-10023,SC,33.9232,-82.3781,7/27/2017,1.85,2.77,11.6929,all,1
813,NLA17_SC-10024,NLA17_SC-10024,SC,33.9273,-80.6936,7/11/2017,1.75,3.26,6.72114,all,1
814,NLA17_SC-HP002,NLA17_SC-HP002,SC,34.9762,-82.9394,8/29/2017,5.48,0.75,2220.98,all,1
815,NLA17_SD-10012,NLA17_SD-10012,SD,44.8711,-103.003,6/12/2017,0.375,32.8,4.62521,all,1
816,NLA17_SD-10020,NLA17_SD-10020,SD,44.4774,-99.314,6/7/2017,0.3,51.4,4.90404,all,1
817,NLA17_SD-10022,NLA17_SD-10022,SD,42.4898,-96.4791,7/12/2017,0.725,6.08,1.41703,all,1
818,NLA17_SD-10033,NLA17_SD-10033,SD,45.6027,-103.586,6/13/2017,0.045,523,1.31815,all,1
819,NLA17_SD-10035,NLA17_SD-10035,SD,45.7832,-101.089,7/24/2017,0.275,39.7,13.3681,all,1
820,NLA17_SD-10052,NLA17_SD-10052,SD,43.8882,-101.149,8/1/2017,0.75,5.94,22.0956,all,1
821,NLA17_SD-10057,NLA17_SD-10057,SD,45.0912,-100.492,9/6/2017,1.9,3.91,3.62038,all,1
822,NLA17_SD-10067,NLA17_SD-10067,SD,44.0196,-100.565,6/5/2017,0.96,6.11,4.00073,all,1
823,NLA17_SD-10092,NLA17_SD-10092,SD,43.3547,-100.236,9/7/2017,1.4,3.28,1.41004,all,1
824,NLA17_SD-10105,NLA17_SD-10105,SD,44.0794,-97.3393,8/8/2017,0.16,87.8,1.59912,all,1
825,NLA17_SD-10112,NLA17_SD-10112,SD,45.4639,-98.7496,8/23/2017,1.75,2.69,16.9803,all,1
826,NLA17_SD-HP001,NLA17_SD-HP001,SD,44.1481,-100.409,8/22/2017,0.975,5.29,4.4893,all,1
827,NLA17_TN-10005,NLA17_TN-10005,TN,36.1958,-82.7407,6/26/2017,0.75,9.31,1.29549,all,1
828,NLA17_TN-10015,NLA17_TN-10015,TN,35.2361,-84.6492,8/9/2017,1.65,3.07,1.33627,all,1
829,NLA17_TX-10008,NLA17_TX-10008,TX,33.0671,-95.738,6/15/2017,0.325,22.7,14.7144,all,1
830,NLA17_TX-10015,NLA17_TX-10015,TX,26.0715,-97.5598,6/29/2017,0.2,26.5,14.0497,all,1
831,NLA17_TX-10017,NLA17_TX-10017,TX,32.4657,-96.2002,6/8/2017,0.7,11,3.51444,all,1
832,NLA17_TX-10025,NLA17_TX-10025,TX,33.3639,-97.4112,9/7/2017,0.2,41.3,2.03518,all,1
833,NLA17_TX-10030,NLA17_TX-10030,TX,29.8531,-96.371,7/6/2017,0.7,10.8,1.3022,all,1
834,NLA17_TX-10040,NLA17_TX-10040,TX,32.4553,-95.6831,9/19/2017,1.15,9.35,1.99102,all,1
835,NLA17_TX-10047,NLA17_TX-10047,TX,32.0483,-95.9986,8/8/2017,0.3,55.3,6.1769,all,1
836,NLA17_TX-10086,NLA17_TX-10086,TX,26.417,-98.1706,6/27/2017,0.45,16.6,17.7305,all,1
837,NLA17_TX-10087,NLA17_TX-10087,TX,30.1568,-95.4684,7/5/2017,1.3,3.92,1.06728,all,1
838,NLA17_TX-10099,NLA17_TX-10099,TX,32.9896,-95.6457,8/3/2017,2.5,2.88,2.42568,all,1
839,NLA17_TX-10136,NLA17_TX-10136,TX,32.0819,-96.0392,9/21/2017,0.5,15.1,10.127,all,1
840,NLA17_TX-HP002,NLA17_TX-HP002,TX,30.7518,-98.4089,6/13/2017,1.75,3.52,322.487,all,1
841,NLA17_TX-HP003,NLA17_TX-HP003,TX,33.7351,-95.9258,6/8/2017,1.1,5.49,143.587,all,1
842,NLA17_TX-HP004,NLA17_TX-HP004,TX,34.0026,-99.1249,9/20/2017,0.735,15.3,2.04968,all,1
843,NLA17_TX-HP005,NLA17_TX-HP005,TX,33.9984,-99.1162,9/20/2017,0.775,13.8,1.70051,all,1
844,NLA17_UT-10006,NLA17_UT-10006,UT,40.874,-109.138,6/13/2017,0.95,7.8,14.3745,all,1
845,NLA17_UT-10094,NLA17_UT-10094,UT,37.0768,-112.54,9/25/2017,1.65,4.53,4.368,all,1
846,NLA17_UT-HP002,NLA17_UT-HP002,UT,40.3438,-111.061,7/11/2017,3.82,1.24,113.405,all,1
847,NLA17_VA-10007,NLA17_VA-10007,VA,37.9755,-78.4281,6/15/2017,0.875,5.43,1.10443,all,1
848,NLA17_VA-10009,NLA17_VA-10009,VA,36.7033,-76.6137,8/1/2017,0.725,8.36,4.02019,all,1
849,NLA17_VA-10013,NLA17_VA-10013,VA,36.6283,-77.6159,7/31/2017,0.27,11.9,8.69328,all,1
850,NLA17_VA-10035,NLA17_VA-10035,VA,37.4613,-78.1887,6/21/2017,1.14,6.62,1.78029,all,1
851,NLA17_VA-10037,NLA17_VA-10037,VA,36.6441,-79.9797,8/10/2017,0.95,7.27,1.85585,all,1
852,NLA17_VA-10039,NLA17_VA-10039,VA,37.5976,-77.4758,7/20/2017,0.725,10.6,1.54499,all,1
853,NLA17_VA-10049,NLA17_VA-10049,VA,36.8078,-80.0797,6/14/2017,3.62,1.61,1170.62,all,1
854,NLA17_VA-HP001,NLA17_VA-HP001,VA,38.3288,-79.2277,6/5/2017,2.95,1.92,20.0845,all,1
855,NLA17_VA-HP003,NLA17_VA-HP003,VA,37.3153,-79.8192,6/2/2017,2.45,2.46,28.3773,all,1
856,NLA17_VA-HP004,NLA17_VA-HP004,VA,37.0434,-80.8676,6/15/2017,2.48,1.47,73.7034,all,1
857,NLA17_VA-HP005,NLA17_VA-HP005,VA,37.3037,-76.7077,7/12/2017,3.18,1,129.65,all,1
858,NLA17_VA-HP006,NLA17_VA-HP006,VA,36.9595,-81.8085,6/13/2017,2.33,2.11,133.276,all,1
859,NLA17_VA-HP007,NLA17_VA-HP007,VA,37.3587,-76.8421,7/13/2017,3.88,0.91,360.85,all,1
860,NLA17_VA-HP008,NLA17_VA-HP008,VA,36.8625,-76.5697,8/1/2017,2.28,1.64,7.02278,all,1
861,NLA17_WA-10006,NLA17_WA-10006,WA,46.4977,-122.406,7/10/2017,2.95,3.19,84.033,all,1
862,NLA17_WA-10017,NLA17_WA-10017,WA,48.7029,-122.453,9/5/2017,3.75,1.02,58.2183,all,1
863,NLA17_WA-10057,NLA17_WA-10057,WA,47.065,-119.424,8/8/2017,0.35,15.4,69.2958,all,1
864,NLA17_WV-10001,NLA17_WV-10001,WV,39.4694,-79.4987,6/21/2017,4.4,1.27,60.8871,all,1
865,NLA17_WV-10004,NLA17_WV-10004,WV,38.8378,-82.1258,6/8/2017,0.48,9.78,10.1928,all,1
866,NLA17_WV-10014,NLA17_WV-10014,WV,37.9808,-81.0717,9/13/2017,0.8,5.85,2.86368,all,1
867,NLA17_WV-10017,NLA17_WV-10017,WV,38.4288,-82.2533,8/24/2017,2.1,2.27,1.27554,all,1
868,NLA17_WV-10019,NLA17_WV-10019,WV,39.3716,-78.8828,9/20/2017,1.3,5.41,2.04463,all,1
869,NLA17_WY-HP001,NLA17_WY-HP001,WY,44.1842,-106.759,8/3/2017,2.15,3.02,12.0428,all,1
870,NLA12_NC-105,Nantahala Lake,NC,35.1811,-83.68,5/30/2012,4.65,0.61,640.03,all,1
871,NLA17_NC-10002,Nantahala Lake,NC,35.1811,-83.68,8/10/2017,5.4,0.9,640.03,all,1
872,NLA12_CO-101,Neegronda Reservoir,CO,38.3001,-102.761,7/13/2012,0.415,9.59,303.646,all,1
873,NLA12_MT-109,Nelson Reservoir,MT,48.4953,-107.549,6/19/2012,1.48,1.89,1665.99,all,1
874,NLA17_MT-10003,Nelson Reservoir,MT,48.4954,-107.549,6/26/2017,2.45,1.93,1665.99,all,1
875,NLA17_OK-10082,New Beggs Lake,OK,35.7453,-96.0239,8/8/2017,0.108,5.66,22.2395,all,1
876,NLA17_CA-10009,New Melones Lake,CA,37.9538,-120.497,7/19/2017,3.1,1.72,4470.73,all,1
877,NLA12_CO-104,New Thomas Reservoir,CO,40.2236,-104.947,9/14/2012,0.27,47.6,72.4962,all,1
878,NLA17_CO-10004,New Thomas Reservoir,CO,40.2236,-104.947,8/1/2017,0.25,24.6,72.4962,all,1
879,NLA17_CA-10001,Nicasio Reservoir,CA,38.0783,-122.743,6/6/2017,0.875,11.8,335.342,all,1
880,NLA12_DE-101,Noxontown Pond,DE,39.424,-75.6874,8/6/2012,0.375,9.41,65.4748,all,1
881,NLA17_DE-10001,Noxontown Pond,DE,39.424,-75.6874,6/19/2017,0.45,16.5,65.4748,all,1
882,NLA12_UT-264,Oak Creek Reservoir,UT,38.0706,-111.375,9/12/2012,2.25,1.87,11.2287,all,1
883,NLA17_UT-10007,Oak Creek Reservoir,UT,38.0706,-111.375,7/12/2017,4.4,1.59,11.2287,all,1
884,NLA17_NE-10028,Oak-Middle Reservoir 76-A,NE,40.9796,-96.9504,6/29/2017,0.82,7.02,5.90148,all,1
885,NLA12_OK-108,Okemah Lake,OK,35.5232,-96.3112,6/11/2012,1.23,3.24,285.786,all,1
886,NLA17_OK-10033,Okemah Lake,OK,35.5232,-96.3112,6/29/2017,1.26,5.02,285.786,all,1
887,NLA12_OK-296,Oknoname 063017 Reservoir,OK,35.1776,-96.3668,7/16/2012,0.355,21.6,3.40241,all,1
888,NLA12_NE-154,Olive Creek Lake,NE,40.5793,-96.8448,8/26/2012,0.425,28.8,52.7778,all,1
889,NLA17_NE-10041,Olive Creek Lake,NE,40.5793,-96.8448,6/26/2017,0.525,17.4,52.7778,all,1
890,NLA12_IL-R04,One Horse Gap Lake,IL,37.5169,-88.4469,6/12/2012,1.47,2.83,11.9049,all,1
891,NLA12_NV-177,Onion Valley Reservoir,NV,41.6946,-118.742,7/17/2012,3.3,1.88,32.0154,all,1
892,NLA12_NJ-103,Orange Reservoir,NJ,40.763,-74.2859,9/21/2012,0.75,9.58,22.6428,all,1
893,NLA12_SD-168,Owen Lake,SD,45.4685,-102.405,6/18/2012,2.15,1.27,55.0062,all,1
894,NLA17_SD-10016,Owen Lake,SD,45.4668,-102.404,6/14/2017,2,1.61,55.0062,all,1
895,NLA17_OR-10060,Owyhee,OR,43.6043,-117.304,7/12/2017,2.65,3.67,4657.22,all,1
896,NLA17_IN-10140,Pahoka Camp Lake,IN,38.0502,-87.9793,8/7/2017,1.15,3.86,4.7812,all,1
897,NLA12_UT-169,Palisade Lake,UT,39.2047,-111.669,7/10/2012,0.8,3.9,24.7843,all,1
898,NLA17_MI-10007,Palmer Lake,MI,41.9428,-85.3141,6/12/2017,0.65,7.62,195.796,all,1
899,NLA12_IL-109,Palmyra-Modesto City Lake,IL,39.4433,-89.9599,7/25/2012,0.875,5.86,13.1525,all,1
900,NLA12_NJ-107,Panorama Lake,NJ,41.2472,-74.5212,6/26/2012,1.15,3.36,3.44356,all,1
901,NLA12_UT-424,Paradise Park Reservoir,UT,40.6711,-109.92,9/26/2012,1.15,3.94,60.6852,all,1
902,NLA12_MI-130,Patricia Lake,MI,45.1352,-85.1076,8/17/2012,2.75,0.93,16.2666,all,1
903,NLA12_RI-113,Peace Dale Reservoir,RI,41.4502,-71.514,7/12/2012,1.3,1.5,4.97711,all,1
904,NLA17_RI-10010,Peace Dale Reservoir,RI,41.4503,-71.5138,7/6/2017,0.745,1.03,4.97711,all,1
905,NLA12_KY-102,Pennyrile Lake,KY,37.0674,-87.6638,6/1/2012,1.35,4.71,20.4158,all,1
906,NLA12_MS-R03,Phillips Lake,MS,33.4234,-89.9392,6/6/2012,0.55,21.8,6.90996,all,1
907,NLA17_MD-10026,Piney Run Reservoir,MD,39.4053,-76.9892,8/1/2017,4.05,1.7,113.882,all,1
908,NLA12_TX-141,Pinkston Reservoir,TX,31.7088,-94.3571,6/18/2012,5.6,2.08,214.603,all,1
909,NLA17_TX-10009,Pinkston Reservoir,TX,31.7094,-94.3548,8/10/2017,1.5,2.28,214.603,all,1
910,NLA12_MT-106,Pishkun Reservoir,MT,47.6829,-112.462,7/20/2012,6.05,0.47,617.497,all,1
911,NLA12_CO-124,Poitz Reservoir,CO,39.931,-104.973,6/22/2012,3.68,1.09,9.20463,all,1
912,NLA12_MO-102,Pomme de Terre Lake,MO,37.8714,-93.2836,9/27/2012,1.5,2.5,3371.81,all,1
913,NLA17_MO-10004,Pomme de Terre Lake,MO,37.8714,-93.2836,8/2/2017,1.57,2.07,3371.82,all,1
914,NLA12_UT-103,Porcupine Reservoir,UT,41.5188,-111.736,5/9/2012,2.3,2.06,69.8246,all,1
915,NLA17_UT-10002,Porcupine Reservoir,UT,41.5188,-111.736,6/6/2017,2.05,2.39,69.8246,all,1
916,NLA17_IL-10007,Pounds Lake,IL,37.6154,-88.2751,8/14/2017,2.35,2.4,12.3737,all,1
917,NLA17_OR-10093,Powers Pond,OR,42.8898,-124.078,8/8/2017,0.5,26.1,7.45105,all,1
918,NLA12_CO-105,Puett Reservoir,CO,37.4168,-108.406,8/30/2012,0.315,34.5,65.3861,all,1
919,NLA17_CO-10008,Puett Reservoir,CO,37.4153,-108.407,7/20/2017,1.7,3.88,65.3861,all,1
920,NLA12_PA-119,Quemahoning Reservoir,PA,40.158,-78.973,9/6/2012,6.9,1,334.093,all,1
921,NLA17_PA-10007,Quemahoning Reservoir,PA,40.158,-78.973,9/19/2017,7.55,0.46,334.093,all,1
922,NLA17_CA-10010,Rainbow Lake,CA,40.5076,-122.694,6/20/2017,5.9,1.28,36.1722,all,1
923,NLA17_RI-10008,Randall Pond,RI,41.7887,-71.4689,7/19/2017,1.7,1.75,13.4362,all,1
924,NLA12_PA-101,Raystown Lake,PA,40.3605,-78.1097,6/12/2012,1.38,7.01,3347.38,all,1
925,NLA17_PA-10001,Raystown Lake,PA,40.3605,-78.1097,7/26/2017,3.15,1.31,3347.38,all,1
926,NLA12_DE-104,Records Pond,DE,38.5595,-75.5623,8/20/2012,0.57,6.48,34.4588,all,1
927,NLA17_DE-10003,Records Pond,DE,38.5586,-75.5587,7/5/2017,0.6,25.6,34.4588,all,1
928,NLA17_TX-10021,Red Bluff Reservoir,TX,31.9506,-103.94,7/18/2017,1.05,3.38,4560.06,all,1
929,NLA12_SD-102,Richmond Lake,SD,45.535,-98.6151,6/28/2012,1.05,3.85,191.755,all,1
930,NLA12_WY-151,Rob Roy Reservoir,WY,41.2047,-106.259,9/15/2012,2.68,1.38,128.014,all,1
931,NLA12_UT-141,Rocky Ford Reservoir,UT,38.8475,-111.961,6/28/2012,0.15,23.7,93.1745,all,1
932,NLA12_SD-147,Roosevelt Lake,SD,43.2015,-99.6198,8/6/2012,0.425,40.2,37.8215,all,1
933,NLA17_SD-10015,Roosevelt Lake,SD,43.2015,-99.6198,6/6/2017,2.91,0.89,37.8215,all,1
934,NLA12_NV-104,Rye Patch Reservoir,NV,40.6966,-118.288,7/12/2012,0.675,13.5,4566.92,all,1
935,NLA17_NV-10017,Rye Patch Reservoir,NV,40.6966,-118.288,6/14/2017,0.7,15.7,4566.92,all,1
936,NLA12_NV-106,S Line Reservoir,NV,39.4844,-118.724,6/7/2012,0.42,24.3,164.123,all,1
937,NLA17_WY-10013,S P Reservoir,WY,42.7938,-106.426,8/20/2017,1.55,2.79,1.07751,all,1
938,NLA12_AZ-101,Saguaro Lake,AZ,33.5693,-111.524,5/8/2012,2.85,1.47,373.488,all,1
939,NLA17_AZ-10001,Saguaro Lake,AZ,33.5693,-111.524,5/25/2017,2.95,1.88,373.488,all,1
940,NLA17_NM-10037,San Gregorio Reservoir,NM,36.0399,-106.849,6/29/2017,1,6.7,14.4622,all,1
941,NLA12_CO-R07,Sand Lake,CO,40.1432,-107.118,8/30/2012,3.05,0.46,2.54457,all,1
942,NLA17_MT-10015,Sanders Lake,MT,47.0594,-113.938,8/31/2017,14,0.43,17.9261,all,1
943,NLA12_RI-112,Scituate Reservoir,RI,41.8386,-71.6051,7/11/2012,1.15,1.95,83.5675,all,1
944,NLA17_IN-10132,Scottsburg Reservoir,IN,38.6628,-85.79,8/11/2017,1.1,4.01,26.749,all,1
945,NLA12_GA-118,Sequoyah Lake,GA,34.546,-84.3625,6/28/2012,4.04,0.9,18.0646,all,1
946,NLA12_MI-126,Seventh Spectacle Lake,MI,44.8866,-84.3987,8/16/2012,4.1,0.75,19.9041,all,1
947,NLA12_UT-392,Sevier Bridge Reservoir,UT,39.3604,-111.964,9/26/2012,1.18,5.93,3220.73,all,1
948,NLA17_DE-10011,Shadowbrook Pond,DE,39.8237,-75.6443,9/5/2017,1.15,4.33,2.71208,all,1
949,NLA17_KS-10041,Shawnee Mission Lake,KS,38.9838,-94.8028,6/23/2017,1.05,6.25,45.7494,all,1
950,NLA12_UT-229,Sheep Creek Lake,UT,40.8893,-109.846,9/5/2012,3.75,1.59,32.4569,all,1
951,NLA12_TX-129,Sheldon Reservoir,TX,29.8664,-95.1714,9/25/2012,1.48,3.07,302.655,all,1
952,NLA12_NC-114,Shelly Lake,NC,35.8587,-78.6616,8/20/2012,0.275,21,15.0535,all,1
953,NLA12_AL-112,Shepherds Lake,AL,33.3649,-88.1669,7/22/2012,1.05,4.15,5.55544,all,1
954,NLA17_AL-10005,Shepherds Lake,AL,33.3672,-88.1684,7/11/2017,1.15,6.18,5.55544,all,1
955,NLA12_NE-114,Sherman Reservoir,NE,41.322,-98.9007,7/22/2012,0.325,37.2,1117.85,all,1
956,NLA17_NE-10029,Sherman Reservoir,NE,41.322,-98.9007,7/26/2017,0.5,15.1,1117.85,all,1
957,NLA12_KS-103,Sherwood Lake,KS,39.0002,-95.7796,6/6/2012,1.23,3.24,101.946,all,1
958,NLA17_MO-10038,Shy Lake,MO,37.2524,-90.6327,9/13/2017,3.8,1.22,18.8002,all,1
959,NLA12_WI-157,Sidie Hollow Lake,WI,43.5371,-90.9594,9/19/2012,1.95,6.4,14.8294,all,1
960,NLA12_VT-104,Silver Lake,VT,43.8911,-73.0525,7/17/2012,5.3,0.59,41.1262,all,1
961,NLA12_OK-104,Skiatook Lake,OK,36.3838,-96.2663,6/19/2012,1.3,3.42,4212.86,all,1
962,NLA17_OK-10035,Skiatook Lake,OK,36.3607,-96.1465,6/28/2017,1.65,3.86,4212.86,all,1
963,NLA12_RI-103,Slatersville Reservoirs,RI,41.9899,-71.5969,7/17/2012,1.9,1.1,24.3418,all,1
964,NLA17_RI-10002,Slatersville Reservoirs,RI,41.9899,-71.5969,7/20/2017,1.98,1.94,24.3418,all,1
965,NLA12_NY-R02,Sly Pond,NY,43.4553,-73.5895,7/11/2012,7.6,0.35,16.6406,all,1
966,NLA12_TX-170,Soil Conservation Service Site 1 Reservoir,TX,30.9634,-95.9035,7/11/2012,0.65,5.25,27.304,all,1
967,NLA17_TX-10014,Soil Conservation Service Site 1 Reservoir,TX,30.9616,-95.9055,7/25/2017,0.7,7.71,27.304,all,1
968,NLA17_TX-10085,Soil Conservation Service Site 1 Reservoir,TX,29.8239,-98.774,8/22/2017,3.1,1.44,76.2122,all,1
969,NLA17_TX-10088,Soil Conservation Service Site 119a Reservoir,TX,32.0467,-96.7505,9/13/2017,0.075,298,54.6982,all,1
970,NLA12_TX-202,Soil Conservation Service Site 121 Reservoir,TX,32.0563,-96.7318,8/30/2012,0.56,15.6,5.47204,all,1
971,NLA17_TX-10019,Soil Conservation Service Site 121 Reservoir,TX,32.0567,-96.7321,6/7/2017,1.25,4.09,5.47204,all,1
972,NLA12_TX-187,Soil Conservation Service Site 140 Reservoir,TX,32.4157,-96.06,6/26/2012,0.25,20.3,21.2867,all,1
973,NLA12_TX-159,Soil Conservation Service Site 19 Reservoir,TX,30.007,-96.7098,9/11/2012,0.975,4.09,21.4277,all,1
974,NLA12_TX-190,Soil Conservation Service Site 19a Reservoir,TX,32.0727,-97.1298,7/11/2012,0.55,10.3,12.5574,all,1
975,NLA12_TX-196,Soil Conservation Service Site 4 Reservoir,TX,31.3318,-97.2684,9/27/2012,0.365,15.4,14.8296,all,1
976,NLA12_TX-107,Soil Conservation Service Site 5 Reservoir,TX,31.7791,-99.4875,6/27/2012,3.15,0.78,8.21257,all,1
977,NLA17_TX-10092,Soil Conservation Service Site 52 Reservoir,TX,32.0966,-97.0352,9/12/2017,1.45,3.19,2.90397,all,1
978,NLA12_TX-104,Soil Conservation Service Site 6 Reservoir,TX,30.0095,-97.8216,8/7/2012,0.565,6.95,63.0306,all,1
979,NLA12_TN-104,South Holston Lake,TN,36.6415,-81.9365,9/21/2012,3.12,0.77,3121.57,all,1
980,NLA12_SC-106,South Pacolet River Reservoir Number One,SC,35.1098,-81.9846,6/1/2012,1.35,2.94,76.6541,all,1
981,NLA17_SC-10011,South Pacolet River Reservoir Number One,SC,35.1098,-81.9846,7/26/2017,1.35,3.07,76.6541,all,1
982,NLA12_NC-127,Southern Pines Waterworks,NC,35.2146,-79.4036,8/9/2012,2.35,1.2,25.4121,all,1
983,NLA12_NH-111,Spaulding Pond,NH,43.3848,-70.9861,7/17/2012,2.85,1.1,40.7983,all,1
984,NLA12_OH-136,Spencer Lake,OH,41.1105,-82.0839,7/11/2012,0.34,33.7,21.0214,all,1
985,NLA17_OH-10024,Spencer Lake,OH,41.1105,-82.0839,7/20/2017,0.35,19.2,21.0214,all,1
986,NLA12_NV-193,Spooner Lake,NV,39.1075,-119.907,6/26/2012,2.22,3.06,34.972,all,1
987,NLA12_NH-109,Spoonwood Pond,NH,42.9901,-72.0743,7/19/2012,7.65,0.26,70.2849,all,1
988,NLA12_VA-108,Spring Creek Lake,VA,37.2141,-78.6255,6/12/2012,1.66,2.09,34.2781,all,1
989,NLA17_VA-10005,Spring Creek Lake,VA,37.2144,-78.6235,7/18/2017,1.14,4.21,34.2781,all,1
990,NLA17_KY-10006,Stanford Reservoir,KY,37.4869,-84.6791,6/7/2017,1.15,6.02,14.3525,all,1
991,NLA12_UT-128,Stansbury Lake,UT,40.6398,-112.31,6/6/2012,0.375,15.7,35.7437,all,1
992,NLA12_UT-102,Starvation Reservoir,UT,40.1757,-110.482,6/11/2012,4.85,1.11,1331.97,all,1
993,NLA12_SD-107,Stockade Lake,SD,43.7682,-103.517,7/30/2012,2.33,1.96,45.9591,all,1
994,NLA17_SD-10009,Stockade Lake,SD,43.7682,-103.517,8/15/2017,2.15,2.43,45.9591,all,1
995,NLA12_IL-103,Storey Lake,IL,40.9883,-90.4034,8/30/2012,0.875,6.47,42.6436,all,1
996,NLA17_IL-10002,Storey Lake,IL,40.9874,-90.3998,7/11/2017,1.05,11.3,42.6436,all,1
997,NLA12_PA-107,Stoughton Lake,PA,40.1618,-79.0524,6/6/2012,0.885,9.16,18.1703,all,1
998,NLA17_PA-10004,Stoughton Lake,PA,40.1618,-79.0524,9/20/2017,2.05,1.72,18.1703,all,1
999,NLA12_IN-159,Stout Lake,IN,39.7771,-86.5367,8/10/2012,0.85,4.42,5.28685,all,1
1000,NLA17_IN-10123,Strahl Lake,IN,39.1452,-86.2189,9/11/2017,1.15,8.85,2.65391,all,1
1001,NLA17_NM-10022,Stubblefield Reservoir,NM,36.5808,-104.654,6/18/2017,2.5,2.18,367.442,all,1
1002,NLA12_WY-115,Sulphur Creek Reservoir,WY,41.1523,-110.825,8/3/2012,2,2.32,90.9263,all,1
1003,NLA17_WY-10008,Sulphur Creek Reservoir,WY,41.1523,-110.825,8/16/2017,2.25,2.8,90.9263,all,1
1004,NLA17_IA-10039,Summit Lake,IA,41.0639,-94.3996,9/5/2017,0.3,29.7,41.5877,all,1
1005,NLA12_IA-113,Sun Valley Lake,IA,40.8503,-94.0703,6/28/2012,1.48,2.35,163.044,all,1
1006,NLA12_OH-134,Swift Run Lake,OH,40.1766,-84.2652,8/2/2012,0.495,6.7,15.3162,all,1
1007,NLA17_OH-10023,Swift Run Lake,OH,40.1766,-84.2652,7/31/2017,0.55,8.98,15.3162,all,1
1008,NLA17_DE-10005,Swiggetts Pond,DE,38.867,-75.3802,6/14/2017,1.3,2.16,14.2216,all,1
1009,NLA12_IN-149,Sylvan Lake,IN,41.4812,-85.3408,8/14/2012,1.45,2.66,254.748,all,1
1010,NLA17_IN-10010,Sylvan Lake,IN,41.4888,-85.3525,7/11/2017,1.2,4.36,254.748,all,1
1011,NLA12_LA-104,Tadpole Lake,LA,32.3355,-93.422,6/20/2012,1.05,3.5,6276.01,all,1
1012,NLA12_TN-108,Tailings Pond Number Ten,TN,35.6744,-87.0324,5/29/2012,0.3,22.7,33.4331,all,1
1013,NLA17_TN-10003,Tailings Pond Number Ten,TN,35.6735,-87.0321,6/2/2017,0.45,20,33.4331,all,1
1014,NLA12_VA-125,Talbott Reservoir,VA,36.6743,-80.3902,6/13/2012,3.68,1.67,50.4857,all,1
1015,NLA17_VA-10008,Talbott Reservoir,VA,36.6743,-80.3902,6/1/2017,1.68,3.24,50.4857,all,1
1016,NLA12_IL-123,Tampier Slough,IL,41.648,-87.8993,9/25/2012,0.16,49.5,85.0955,all,1
1017,NLA12_TX-112,Tank Wash Lake,TX,31.1484,-97.7453,7/17/2012,0.85,5.13,6.20717,all,1
1018,NLA17_TX-10003,Tank Wash Lake,TX,31.1484,-97.7453,8/16/2017,2.8,1.07,6.20716,all,1
1019,NLA12_MO-109,Teal Lake,MO,39.1535,-91.8723,6/5/2012,0.765,6.6,31.6189,all,1
1020,NLA12_OK-107,Tenkiller Ferry Lake,OK,35.7541,-94.9149,8/14/2012,1.62,2.5,5210.84,all,1
1021,NLA12_UT-222,Three Creeks Reservoir,UT,38.6249,-112.433,7/12/2012,1.35,2.27,48.5311,all,1
1022,NLA17_UT-10010,Three Creeks Reservoir,UT,38.6249,-112.433,6/28/2017,2.6,0.75,48.531,all,1
1023,NLA12_NM-132,Throttle Reservoir,NM,36.8316,-104.226,5/28/2012,0.1,78.5,44.1799,all,1
1024,NLA17_TX-10072,Thurber Lake Number 5,TX,32.4657,-98.4127,7/12/2017,1.8,2.96,3.12996,all,1
1025,NLA12_IN-130,Tipsaw Lake,IN,38.1229,-86.646,8/1/2012,2.1,2.01,55.323,all,1
1026,NLA17_IN-10039,Tipsaw Lake,IN,38.1272,-86.6435,7/5/2017,1.35,5.6,55.323,all,1
1027,NLA12_PA-R10,Tipton Reservoir,PA,40.6793,-78.3291,7/23/2012,5.75,0.95,16.9241,all,1
1028,NLA12_MO-103,Trimble Wildlife Lake,MO,39.4143,-94.4978,7/17/2012,1.15,3.11,3008.07,all,1
1029,NLA17_MO-10002,Trimble Wildlife Lake,MO,39.4143,-94.4978,7/27/2017,0.885,5.74,3008.07,all,1
1030,NLA12_UT-397,Tropic Reservoir,UT,37.5956,-112.255,9/25/2012,1.7,2.2,70.182,all,1
1031,NLA12_CO-107,Trout Lake,CO,37.8246,-107.885,8/29/2012,7.39,0.36,50.0989,all,1
1032,NLA17_CO-10037,Troutvale Reservoir Number 1,CO,37.8288,-107.184,7/17/2017,0.075,71.1,23.8821,all,1
1033,NLA12_DE-121,Trussum Pond ( Moores Pond),DE,38.52,-75.5111,9/10/2012,0.575,3.1,23.8002,all,1
1034,NLA12_MA-105,Tully Lake,MA,42.6469,-72.2185,9/6/2012,1.75,0.71,138.409,all,1
1035,NLA17_MA-10004,Tully Lake,MA,42.6469,-72.2185,7/28/2017,1.85,1.45,138.409,all,1
1036,NLA12_AZ-157,Tunnel Reservoir,AZ,34.0313,-109.443,8/17/2012,0.275,30.6,17.2823,all,1
1037,NLA17_WY-10017,Twin Buttes Lake,WY,41.2381,-105.862,8/13/2017,3.85,1.37,138.465,all,1
1038,NLA12_NM-133,Twin Lakes,NM,36.8833,-105.247,6/4/2012,1.37,3.18,1.16268,all,1
1039,NLA12_IA-134,Union Grove Lake,IA,42.1287,-92.7246,7/12/2012,0.435,19.6,41.2924,all,1
1040,NLA17_IN-10100,Union Mills Lake,IN,41.4972,-86.7819,7/25/2017,0.65,8.63,6.98047,all,1
1041,NLA12_NM-152,Upper Charette Lake,NM,36.176,-104.816,5/29/2012,0.2,60.9,25.2002,all,1
1042,NLA12_ND-194,Upper Des Lacs Lake,ND,48.7202,-102.115,7/31/2012,0.11,61.5,1718.49,all,1
1043,NLA12_WA-116,Upper Goose Lake,WA,46.9413,-119.279,9/12/2012,2.7,1.91,53.0661,all,1
1044,NLA12_SC-105,Upper Legion Lake,SC,34,-80.9279,5/27/2012,0.85,12.6,5.57728,all,1
1045,NLA17_PA-10042,Upper Owl Creek Reservoir,PA,40.7977,-75.9215,9/14/2017,3.45,0.74,26.4694,all,1
1046,NLA17_CA-10011,Upper San Leandro Reservoir,CA,37.7769,-122.119,6/13/2017,1.45,4.14,309.725,all,1
1047,NLA17_MT-10101,Upper Twin Lake,MT,46.1622,-114.501,9/1/2017,5.5,0.66,8.89459,all,1
1048,NLA12_NM-129,Ute Reservoir,NM,35.3517,-103.488,6/10/2012,1.2,4.21,1521.94,all,1
1049,NLA12_OH-113,Vandergrift Lake,OH,40.76,-81.1012,9/19/2012,0.725,7.67,8.11333,all,1
1050,NLA17_SC-10016,Vaucluse Pond,SC,33.6172,-81.8083,7/28/2017,0.7,12.7,22.2773,all,1
1051,NLA12_OK-R01,Veterans Lake,OK,34.4901,-96.984,5/22/2012,0.85,4.59,26.7633,all,1
1052,NLA17_OH-10009,Wabash Conservancy District Structure Reservoir,OH,40.313,-84.6369,8/3/2017,0.25,36.6,16.5446,all,1
1053,NLA12_KS-122,Waconda Lake,KS,39.4991,-98.3635,7/2/2012,0.6,7.32,4645.06,all,1
1054,NLA12_ID-148,"Waha, Lake",ID,46.2061,-116.834,7/16/2012,2.28,2.66,38.0882,all,1
1055,NLA12_NV-137,Wall Canyon Reservoir,NV,41.1686,-119.817,7/16/2012,0.31,54.8,28.8967,all,1
1056,NLA12_VA-R06,Waller Mill Reservoir,VA,37.3134,-76.7083,7/31/2012,3.45,1.08,129.65,all,1
1057,NLA12_CO-110,Waneka Reservoir,CO,39.995,-105.112,5/29/2012,0.62,8.89,18.2458,all,1
1058,NLA17_CO-10005,Waneka Reservoir,CO,39.995,-105.112,7/21/2017,2,2.65,18.2458,all,1
1059,NLA12_WA-111,Wapato Lake,WA,47.9161,-120.16,8/9/2012,3.15,1.05,76.6529,all,1
1060,NLA17_WA-10002,Wapato Lake,WA,47.918,-120.164,8/24/2017,5.2,1.05,76.6529,all,1
1061,NLA12_MO-106,Wappapello Reservoir,MO,36.9193,-90.3173,9/13/2012,0.5,11.7,2844.07,all,1
1062,NLA12_UT-324,Washington Lake,UT,40.6746,-110.971,9/4/2012,2.1,1.63,39.428,all,1
1063,NLA17_VA-10012,Wenger Pond,VA,37.3995,-76.767,7/12/2017,0.51,16.8,4.94725,all,1
1064,NLA17_CO-10055,West Griffith Lake,CO,39.0645,-108.069,7/24/2017,1.2,2.12,8.9069,all,1
1065,NLA12_VA-102,Wheelers Pond,VA,37.1226,-77.6361,7/30/2012,0.65,8.9,34.291,all,1
1066,NLA17_VA-10004,Wheelers Pond,VA,37.1226,-77.6361,6/20/2017,1.23,4.1,34.291,all,1
1067,NLA12_AZ-143,White Horse Lake,AZ,35.1167,-112.013,8/30/2012,1.72,2.29,16.7233,all,1
1068,NLA12_TX-114,White Rock Lake,TX,32.8367,-96.7196,7/26/2012,0.35,9.05,427.152,all,1
1069,NLA17_TX-10006,White Rock Lake,TX,32.8367,-96.7196,6/20/2017,0.7,11.3,427.152,all,1
1070,NLA17_OK-10089,Whitegrass-Waterhole Creeks Site 6 Reservoir,OK,33.9256,-94.9734,8/28/2017,0.3,44.6,22.5844,all,1
1071,NLA12_IN-111,Whitewater Lake,IN,39.6082,-84.9715,7/31/2012,1.05,4.89,72.7512,all,1
1072,NLA17_IN-10029,Whitewater Lake,IN,39.6119,-84.9686,7/26/2017,1.55,3.33,72.7512,all,1
1073,NLA12_IL-R03,Whoopie Cat Lake,IL,37.4828,-88.3258,6/13/2012,1.43,3.7,5.06063,all,1
1074,NLA12_IL-R01,Whoople Cat Lake,IL,37.4774,-88.3274,6/11/2012,2.38,2.06,12.0275,all,1
1075,NLA12_WY-R08,Wiant Reservoir,WY,41.3649,-106.346,8/21/2012,5.95,0.52,10.9205,all,1
1076,NLA17_NC-10007,Wildcat Lake,NC,36.1479,-81.8828,6/27/2017,1.45,2.5,4.07164,all,1
1077,NLA17_NV-10090,Wildhorse Reservoir,NV,41.6536,-115.795,6/20/2017,3.9,2.64,897.827,all,1
1078,NLA12_NE-106,Wildwood Lake,NE,41.0354,-96.8377,7/23/2012,0.35,21.2,29.2233,all,1
1079,NLA12_UT-104,Willard Bay Reservoir,UT,41.3754,-112.09,6/7/2012,0.875,8.54,3987.61,all,1
1080,NLA17_UT-10004,Willard Bay Reservoir,UT,41.3776,-112.089,6/7/2017,3.1,2.9,3987.61,all,1
1081,NLA12_MT-104,Willow Creek Reservoir,MT,47.5576,-112.449,6/12/2012,3.66,1.4,532.207,all,1
1082,NLA12_NV-105,Willow Creek Reservoir,NV,41.2182,-116.52,7/11/2012,0.63,15.7,233.334,all,1
1083,NLA17_MT-10001,Willow Creek Reservoir,MT,47.5576,-112.448,7/23/2017,6.05,0.97,532.207,all,1
1084,NLA17_NV-10003,Willow Creek Reservoir,NV,41.2182,-116.52,6/19/2017,5.1,3.01,233.334,all,1
1085,NLA12_WI-109,Willow Reservoir,WI,45.7196,-89.8815,8/22/2012,1,11.3,1780.12,all,1
1086,NLA17_ID-10088,Winder Reservoir,ID,42.1776,-111.877,7/19/2017,5.05,1.4,30.6957,all,1
1087,NLA12_IN-116,Woodland Lake,IN,39.2776,-86.2121,7/19/2012,4.45,0.97,6.31554,all,1
1088,NLA17_IN-10006,Woodland Lake,IN,39.2776,-86.2121,8/12/2017,3.8,1.08,6.31554,all,1
1089,NLA12_TX-148,Worthington Lake,TX,33.2709,-98.151,7/15/2012,0.19,47.7,20.2055,all,1
1090,NLA12_VA-105,Wrights Pond,VA,38.2177,-77.6699,7/11/2012,0.885,4.37,15.4488,all,1
1091,NLA12_KS-125,Wyandotte County Lake,KS,39.1564,-94.788,6/8/2012,2.75,1.62,124.571,all,1
1092,NLA17_KS-10007,Wyandotte County Lake,KS,39.1665,-94.782,6/5/2017,3.3,1.56,124.571,all,1
1093,NLA12_WY-107,Wyoming Hereford Reservoir Number 2,WY,41.1263,-104.643,7/7/2012,2.12,2.21,53.802,all,1
1094,NLA17_NE-10060,Yankee Hill Lake,NE,40.7291,-96.788,6/27/2017,0.415,31.8,70.2001,all,1
1095,NLA12_IN-146,Yellowwood Lake,IN,39.1859,-86.343,7/18/2012,2.8,1.39,47.071,all,1
1096,NLA17_IN-10047,Yellowwood Lake,IN,39.1859,-86.343,6/20/2017,4.3,1.02,47.071,all,1
1097,NLA12_CO-114,Youngs Creek Reservoir Number 1,CO,39.0367,-107.911,6/27/2012,1.4,3.1,5.72683,all,1
1098,NLA17_CO-10009,Youngs Creek Reservoir Number 1,CO,39.0367,-107.911,7/16/2017,3.5,1.21,5.72683,all,1
1099,NLA17_OH-10027,Zepernick Lake,OH,40.7902,-80.9812,6/29/2017,1.15,4.17,16.2257,all,1
1099,,Lake OH Ivie,TX,31.492633,-99.694383,8/7/2022,1.15,2.55,,,
1099,,Lake OH Ivie,TX,31.502617,-99.66905,8/7/2022,1.5,1.13,,,
1099,,Lake OH Ivie,TX,31.554717,-99.713467,8/7/2022,0.95,2.36,,,
1099,,Lake OH Ivie,TX,31.58,-99.684533,8/7/2022,1.18,2.78,,,
1099,,Lake Brownwood,TX,31.824617,-99.057317,8/6/2022,1.065,5.42,,,
1099,,Lake Brownwood,TX,31.83805,-99.097983,8/6/2022,1.1315,14.4,,,
1099,,Lake Brownwood,TX,31.8388,-99.004467,8/6/2022,1.575,2.66,,,
1099,,Lake Brownwood,TX,31.886317,-99.021583,8/6/2022,1.49,12.6,,,
1099,,Red Bluff Reservoir,TX,31.901717,-103.913717,8/8/2022,1,3.57,,,
1099,,Red Bluff Reservoir,TX,31.928883,-103.91895,8/8/2022,1.13,3.36,,,
1099,,Red Bluff Reservoir,TX,31.9463,-103.942183,8/8/2022,0.93,4.33,,,
1099,,Red Bluff Reservoir,TX,31.969367,-103.947133,8/8/2022,0.88,4.99,,,
1099,,Red Bluff Reservoir,TX,31.986317,-103.981383,8/8/2022,0.4,11.4,,,
1099,,Red Bluff Reservoir,TX,32.00235,-103.979733,8/8/2022,0.375,16.6,,,
1099,,Lake Bonham,TX,33.64784958,-96.16458728,7/14/2022,0.6,8.6,,,
1099,,Lake Bonham,TX,33.64784958,-96.16458728,7/15/2022,0.7,7.8,,,
1099,,Lake Bonham,TX,33.649117,-96.148267,7/14/2022,1.1,5.17,,,
1099,,Lake Bonham,TX,33.649117,-96.148267,7/15/2022,1.2,5.38,,,
1099,,Lake Bonham,TX,33.65165,-96.136733,7/14/2022,1.4,5.21,,,
1099,,Lake Bonham,TX,33.65165,-96.136733,7/15/2022,1.1,7.4,,,
1099,,Lake Bonham,TX,33.653917,-96.161033,7/14/2022,1.2,6.5,,,
1099,,Lake Bonham,TX,33.656033,-96.157833,7/14/2022,1.25,6.15,,,
1099,,Lake Bonham,TX,33.656033,-96.157833,7/15/2022,1.3,6.06,,,
1099,,Lake Bonham,TX,33.66265,-96.149,7/14/2022,1.2,6.8,,,
1099,,Lake Arrowhead,TX,33.67108,-98.3864,8/12/2022,0.235,33.8,,,
1099,,Lake Arrowhead,TX,33.68267,-98.4266,8/12/2022,0.135,67.3,,,
1099,,Lake Arrowhead,TX,33.70428,-98.3622,8/12/2022,0.3,27.2,,,
1099,,Lake Arrowhead,TX,33.74623,-98.3876,8/12/2022,0.47,15.6,,,
1099,,Lake Arrowhead,TX,33.76283,-98.3658,8/12/2022,0.65,11.8,,,
